변환,원자료
2010-01-04,"1,161"
2010-01-05,"1,150"
2010-01-06,"1,140"
2010-01-07,"1,133.80"
2010-01-08,"1,137.60"
2010-01-11,"1,125"
2010-01-12,"1,119"
2010-01-13,"1,124"
2010-01-14,"1,122"
2010-01-15,"1,121.70"
2010-01-18,"1,127"
2010-01-19,"1,124.50"
2010-01-20,"1,128"
2010-01-21,"1,143"
2010-01-22,"1,150"
2010-01-25,"1,152.50"
2010-01-26,"1,146"
2010-01-27,"1,158"
2010-01-28,"1,161"
2010-01-29,"1,154.80"
2010-02-01,"1,163.70"
2010-02-02,"1,158"
2010-02-03,"1,154.70"
2010-02-04,"1,153.40"
2010-02-05,"1,176"
2010-02-08,"1,172"
2010-02-09,"1,172.50"
2010-02-10,"1,159"
2010-02-11,"1,162.50"
2010-02-12,"1,153"
2010-02-16,"1,157.50"
2010-02-17,"1,146"
2010-02-18,"1,145"
2010-02-19,"1,156.60"
2010-02-22,"1,151"
2010-02-23,"1,148.50"
2010-02-24,"1,157"
2010-02-25,"1,152"
2010-02-26,"1,164"
2010-03-02,"1,154"
2010-03-03,"1,147"
2010-03-04,"1,142.50"
2010-03-05,"1,143"
2010-03-08,"1,136"
2010-03-09,"1,132.50"
2010-03-10,"1,133.50"
2010-03-11,"1,127.50"
2010-03-12,"1,132"
2010-03-15,"1,128.50"
2010-03-16,"1,134"
2010-03-17,"1,132"
2010-03-18,"1,130"
2010-03-19,"1,134"
2010-03-22,"1,136"
2010-03-23,"1,135"
2010-03-24,"1,135"
2010-03-25,"1,141"
2010-03-26,"1,147"
2010-03-29,"1,141.50"
2010-03-30,"1,133"
2010-03-31,"1,132"
2010-04-01,"1,131"
2010-04-02,"1,124"
2010-04-05,"1,127"
2010-04-06,"1,121.20"
2010-04-07,"1,122"
2010-04-08,"1,122"
2010-04-09,"1,122"
2010-04-12,"1,118"
2010-04-13,"1,117"
2010-04-14,"1,123.80"
2010-04-15,"1,110"
2010-04-16,"1,111"
2010-04-19,"1,115"
2010-04-20,"1,117"
2010-04-21,"1,113"
2010-04-22,"1,108.80"
2010-04-23,"1,111"
2010-04-26,"1,109"
2010-04-27,"1,105.50"
2010-04-28,"1,120.50"
2010-04-29,"1,115.50"
2010-04-30,"1,110.50"
2010-05-03,"1,112"
2010-05-04,"1,112"
2010-05-06,"1,142"
2010-05-07,"1,166"
2010-05-10,"1,145"
2010-05-11,"1,130"
2010-05-12,"1,138"
2010-05-13,"1,136"
2010-05-14,"1,135"
2010-05-17,"1,146"
2010-05-18,"1,152"
2010-05-19,"1,160"
2010-05-20,"1,169.50"
2010-05-24,"1,212.90"
2010-05-25,"1,224"
2010-05-26,"1,245"
2010-05-27,"1,242"
2010-05-28,"1,208"
2010-05-31,"1,224"
2010-06-01,"1,203"
2010-06-03,"1,205"
2010-06-04,"1,212"
2010-06-07,"1,228"
2010-06-08,"1,244"
2010-06-09,"1,232"
2010-06-10,"1,254"
2010-06-11,"1,239"
2010-06-14,"1,240"
2010-06-15,"1,222"
2010-06-16,"1,210"
2010-06-17,"1,214"
2010-06-18,"1,209.90"
2010-06-21,"1,180"
2010-06-22,"1,184.30"
2010-06-23,"1,193"
2010-06-24,"1,188"
2010-06-25,"1,203"
2010-06-28,"1,203"
2010-06-29,"1,203"
2010-06-30,"1,233"
2010-07-01,"1,233"
2010-07-02,"1,223"
2010-07-05,"1,229"
2010-07-06,"1,232"
2010-07-07,"1,216"
2010-07-08,"1,215"
2010-07-09,"1,205"
2010-07-12,"1,195"
2010-07-13,"1,201.20"
2010-07-14,"1,196.50"
2010-07-15,"1,200"
2010-07-16,"1,196"
2010-07-19,"1,218"
2010-07-20,"1,216.50"
2010-07-21,"1,203"
2010-07-22,"1,208.50"
2010-07-23,"1,197"
2010-07-26,"1,197"
2010-07-27,"1,187"
2010-07-28,"1,185"
2010-07-29,"1,191"
2010-07-30,"1,188.50"
2010-08-02,"1,182.50"
2010-08-03,"1,167"
2010-08-04,"1,168"
2010-08-05,"1,165"
2010-08-06,"1,169.40"
2010-08-09,"1,158.70"
2010-08-10,"1,162.50"
2010-08-11,"1,173"
2010-08-12,"1,196"
2010-08-13,"1,187"
2010-08-16,"1,190"
2010-08-17,"1,184"
2010-08-18,"1,174.50"
2010-08-19,"1,175"
2010-08-20,"1,180"
2010-08-23,"1,183"
2010-08-24,"1,187"
2010-08-25,"1,196.10"
2010-08-26,"1,199.50"
2010-08-27,"1,197.10"
2010-08-30,"1,188"
2010-08-31,"1,198"
2010-09-01,"1,197.50"
2010-09-02,"1,179"
2010-09-03,"1,179.80"
2010-09-06,"1,171"
2010-09-07,"1,174.50"
2010-09-08,"1,180"
2010-09-09,"1,169"
2010-09-10,"1,165"
2010-09-13,"1,163"
2010-09-14,"1,159"
2010-09-15,"1,157.50"
2010-09-16,"1,159"
2010-09-17,"1,165"
2010-09-20,"1,159"
2010-09-24,"1,154"
2010-09-27,"1,149"
2010-09-28,"1,148"
2010-09-29,"1,148"
2010-09-30,"1,140"
2010-10-01,"1,139"
2010-10-04,"1,127.80"
2010-10-05,"1,128"
2010-10-06,"1,120"
2010-10-07,"1,117"
2010-10-08,"1,122.50"
2010-10-11,"1,114"
2010-10-12,"1,124"
2010-10-13,"1,122"
2010-10-14,"1,116"
2010-10-15,"1,113"
2010-10-18,"1,113.50"
2010-10-19,"1,116"
2010-10-20,"1,140"
2010-10-21,"1,121.10"
2010-10-22,"1,132.50"
2010-10-25,"1,121.70"
2010-10-26,"1,118"
2010-10-27,"1,122"
2010-10-28,"1,131"
2010-10-29,"1,119.50"
2010-11-01,"1,122"
2010-11-02,"1,119"
2010-11-03,"1,111.50"
2010-11-04,"1,105"
2010-11-05,"1,104.50"
2010-11-08,"1,108.50"
2010-11-09,"1,116.50"
2010-11-10,"1,116.70"
2010-11-11,"1,110"
2010-11-12,"1,112"
2010-11-15,"1,130"
2010-11-16,"1,134"
2010-11-17,"1,138.50"
2010-11-18,"1,140"
2010-11-19,"1,130.50"
2010-11-22,"1,131"
2010-11-23,"1,131"
2010-11-24,"1,175"
2010-11-25,"1,145"
2010-11-26,"1,140"
2010-11-29,"1,163"
2010-11-30,"1,161"
2010-12-01,"1,155"
2010-12-02,"1,145"
2010-12-03,"1,144"
2010-12-06,"1,137"
2010-12-07,"1,137"
2010-12-08,"1,138"
2010-12-09,"1,140"
2010-12-10,"1,138"
2010-12-13,"1,141.90"
2010-12-14,"1,141"
2010-12-15,"1,143"
2010-12-16,"1,163"
2010-12-17,"1,154.90"
2010-12-20,"1,165"
2010-12-21,"1,156.50"
2010-12-22,"1,158"
2010-12-23,"1,152.80"
2010-12-24,"1,153"
2010-12-27,"1,153"
2010-12-28,"1,149"
2010-12-29,"1,147.50"
2010-12-30,"1,142"
2010-12-31,
2011-01-03,"1,128"
2011-01-04,"1,124"
2011-01-05,"1,124"
2011-01-06,"1,124"
2011-01-07,"1,123.50"
2011-01-10,"1,122"
2011-01-11,"1,125.90"
2011-01-12,"1,123"
2011-01-13,"1,109"
2011-01-14,"1,111"
2011-01-17,"1,114"
2011-01-18,"1,115"
2011-01-19,"1,112.50"
2011-01-20,"1,115"
2011-01-21,"1,123"
2011-01-24,"1,120"
2011-01-25,"1,119.50"
2011-01-26,"1,119.50"
2011-01-27,"1,117"
2011-01-28,"1,113"
2011-01-31,"1,123"
2011-02-01,"1,120"
2011-02-07,"1,107"
2011-02-08,"1,104"
2011-02-09,"1,104"
2011-02-10,"1,111"
2011-02-11,"1,120"
2011-02-14,"1,121"
2011-02-15,"1,125"
2011-02-16,"1,124.10"
2011-02-17,"1,115.50"
2011-02-18,"1,114"
2011-02-21,"1,112.30"
2011-02-22,"1,122"
2011-02-23,"1,133"
2011-02-24,"1,127.50"
2011-02-25,"1,129"
2011-02-28,"1,125"
2011-03-02,"1,129"
2011-03-03,"1,125"
2011-03-04,"1,116.50"
2011-03-07,"1,117.80"
2011-03-08,"1,118"
2011-03-09,"1,115.50"
2011-03-10,"1,114.50"
2011-03-11,"1,127"
2011-03-14,"1,124"
2011-03-15,"1,124.50"
2011-03-16,"1,134"
2011-03-17,"1,141"
2011-03-18,"1,133.80"
2011-03-21,"1,126.50"
2011-03-22,"1,122"
2011-03-23,"1,122.50"
2011-03-24,"1,123.50"
2011-03-25,"1,116"
2011-03-28,"1,111.50"
2011-03-29,"1,114.50"
2011-03-30,"1,110"
2011-03-31,"1,101"
2011-04-01,"1,096.20"
2011-04-04,"1,086.50"
2011-04-05,"1,088"
2011-04-06,"1,088.50"
2011-04-07,"1,085"
2011-04-08,"1,088.80"
2011-04-11,"1,082.50"
2011-04-12,"1,088"
2011-04-13,"1,092.50"
2011-04-14,"1,087"
2011-04-15,"1,086"
2011-04-18,"1,086.50"
2011-04-19,"1,093.40"
2011-04-20,"1,085.10"
2011-04-21,"1,080.60"
2011-04-22,"1,081.20"
2011-04-25,"1,080.70"
2011-04-26,"1,083"
2011-04-27,"1,080.70"
2011-04-28,"1,076"
2011-04-29,"1,073"
2011-05-02,"1,069"
2011-05-03,"1,068"
2011-05-04,"1,074"
2011-05-06,"1,091"
2011-05-09,"1,080"
2011-05-11,"1,077.50"
2011-05-12,"1,082"
2011-05-13,"1,085"
2011-05-16,"1,093"
2011-05-17,"1,093.50"
2011-05-18,"1,088"
2011-05-19,"1,087"
2011-05-20,"1,082"
2011-05-23,"1,087"
2011-05-24,"1,100"
2011-05-25,"1,092.50"
2011-05-26,"1,095"
2011-05-27,"1,088"
2011-05-30,"1,079"
2011-05-31,"1,078"
2011-06-01,"1,078"
2011-06-02,"1,082"
2011-06-03,"1,075"
2011-06-07,"1,082.50"
2011-06-08,"1,078"
2011-06-09,"1,085"
2011-06-10,"1,082"
2011-06-13,"1,087"
2011-06-14,"1,085"
2011-06-15,"1,081"
2011-06-16,"1,088"
2011-06-17,"1,089"
2011-06-20,"1,081"
2011-06-21,"1,082.90"
2011-06-22,"1,076.70"
2011-06-23,"1,076.50"
2011-06-24,"1,079"
2011-06-27,"1,083.40"
2011-06-28,"1,082"
2011-06-29,"1,077"
2011-06-30,"1,071"
2011-07-01,"1,067.40"
2011-07-04,"1,064"
2011-07-05,"1,063.40"
2011-07-06,"1,068"
2011-07-07,"1,064"
2011-07-08,"1,060"
2011-07-11,"1,059"
2011-07-12,"1,065.50"
2011-07-13,"1,064.50"
2011-07-14,"1,055"
2011-07-15,"1,057.90"
2011-07-18,"1,059"
2011-07-19,"1,059.70"
2011-07-20,"1,055"
2011-07-21,"1,054"
2011-07-22,"1,050.60"
2011-07-25,"1,052"
2011-07-26,"1,056"
2011-07-27,"1,049.90"
2011-07-28,"1,054"
2011-07-29,"1,053"
2011-08-01,"1,052"
2011-08-02,"1,050"
2011-08-03,"1,057"
2011-08-04,"1,057.10"
2011-08-05,"1,072"
2011-08-08,"1,072.40"
2011-08-09,"1,090"
2011-08-10,"1,075"
2011-08-11,"1,087.10"
2011-08-12,"1,072"
2011-08-16,"1,075"
2011-08-17,"1,073"
2011-08-18,"1,069"
2011-08-19,"1,083"
2011-08-22,"1,084"
2011-08-23,"1,082.50"
2011-08-24,"1,075"
2011-08-25,"1,082"
2011-08-26,"1,088"
2011-08-29,"1,077"
2011-08-30,"1,074"
2011-08-31,"1,072"
2011-09-01,"1,066.50"
2011-09-02,"1,062"
2011-09-05,"1,066"
2011-09-06,"1,070.50"
2011-09-07,"1,072"
2011-09-08,"1,069"
2011-09-09,"1,076.70"
2011-09-14,"1,098"
2011-09-15,"1,104"
2011-09-16,"1,102.50"
2011-09-19,"1,116"
2011-09-20,"1,144"
2011-09-21,"1,142"
2011-09-22,"1,173"
2011-09-23,"1,195"
2011-09-26,"1,175"
2011-09-27,"1,178"
2011-09-28,"1,167"
2011-09-29,"1,183"
2011-09-30,"1,175"
2011-10-04,"1,200"
2011-10-05,"1,191.50"
2011-10-06,"1,183"
2011-10-07,"1,181"
2011-10-10,"1,177"
2011-10-11,"1,161"
2011-10-12,"1,170"
2011-10-13,"1,158"
2011-10-14,"1,160"
2011-10-17,"1,150.50"
2011-10-18,"1,152.30"
2011-10-19,"1,146"
2011-10-20,"1,135.50"
2011-10-21,"1,146"
2011-10-24,"1,146"
2011-10-25,"1,129.50"
2011-10-26,"1,130"
2011-10-27,"1,133"
2011-10-28,"1,094.50"
2011-10-31,"1,104"
2011-11-01,"1,115"
2011-11-02,"1,131"
2011-11-03,"1,125"
2011-11-04,"1,114.50"
2011-11-07,"1,114"
2011-11-08,"1,116"
2011-11-09,"1,112"
2011-11-10,"1,135"
2011-11-11,"1,128"
2011-11-14,"1,120"
2011-11-15,"1,127"
2011-11-16,"1,133"
2011-11-17,"1,136"
2011-11-18,"1,139.60"
2011-11-21,"1,136"
2011-11-22,"1,150"
2011-11-23,"1,145"
2011-11-24,"1,160"
2011-11-25,"1,158"
2011-11-28,"1,160"
2011-11-29,"1,151"
2011-11-30,"1,144"
2011-12-01,"1,123"
2011-12-02,"1,127"
2011-12-05,"1,128"
2011-12-06,"1,130.50"
2011-12-07,"1,130"
2011-12-08,"1,130"
2011-12-09,"1,140.50"
2011-12-12,"1,140"
2011-12-13,"1,163"
2011-12-14,"1,159"
2011-12-15,"1,163"
2011-12-16,"1,159"
2011-12-19,"1,160"
2011-12-20,"1,175"
2011-12-21,"1,155.60"
2011-12-22,"1,153.20"
2011-12-23,"1,150"
2011-12-26,"1,148.50"
2011-12-27,"1,155"
2011-12-28,"1,158"
2011-12-29,"1,157"
2011-12-30,
2012-01-02,"1,157"
2012-01-03,"1,155"
2012-01-04,"1,145"
2012-01-05,"1,149.50"
2012-01-06,"1,155"
2012-01-09,"1,161"
2012-01-10,"1,158.50"
2012-01-11,"1,155.50"
2012-01-12,"1,159"
2012-01-13,"1,151"
2012-01-16,"1,153"
2012-01-17,"1,150"
2012-01-18,"1,144"
2012-01-19,"1,136"
2012-01-20,"1,134.50"
2012-01-25,"1,129"
2012-01-26,"1,122"
2012-01-27,"1,125"
2012-01-30,"1,121"
2012-01-31,"1,129"
2012-02-01,"1,127"
2012-02-02,"1,120"
2012-02-03,"1,118.50"
2012-02-06,"1,114.80"
2012-02-07,"1,122"
2012-02-08,"1,118"
2012-02-09,"1,117.50"
2012-02-10,"1,120"
2012-02-13,"1,123.70"
2012-02-14,"1,123"
2012-02-15,"1,124.80"
2012-02-16,"1,126.80"
2012-02-17,"1,126.50"
2012-02-20,"1,121"
2012-02-21,"1,124"
2012-02-22,"1,125.10"
2012-02-23,"1,129"
2012-02-24,"1,124.30"
2012-02-27,"1,127"
2012-02-28,"1,127"
2012-02-29,"1,124.30"
2012-03-02,"1,115"
2012-03-05,"1,117.50"
2012-03-06,"1,118"
2012-03-07,"1,128.50"
2012-03-08,"1,123"
2012-03-09,"1,115"
2012-03-12,"1,119"
2012-03-13,"1,123"
2012-03-14,"1,121"
2012-03-15,"1,132"
2012-03-16,"1,126"
2012-03-19,"1,123"
2012-03-20,"1,121.90"
2012-03-21,"1,128.90"
2012-03-22,"1,128.80"
2012-03-23,"1,132"
2012-03-26,"1,135"
2012-03-27,"1,135.50"
2012-03-28,"1,138"
2012-03-29,"1,139"
2012-03-30,"1,137.50"
2012-04-02,"1,130"
2012-04-03,"1,125.50"
2012-04-04,"1,127"
2012-04-05,"1,131"
2012-04-06,"1,131"
2012-04-09,"1,135"
2012-04-10,"1,139"
2012-04-12,"1,142.50"
2012-04-13,"1,134"
2012-04-16,"1,135"
2012-04-17,"1,137"
2012-04-18,"1,134.50"
2012-04-19,"1,139"
2012-04-20,"1,139"
2012-04-23,"1,139.20"
2012-04-24,"1,142.50"
2012-04-25,"1,137.50"
2012-04-26,"1,137.50"
2012-04-27,"1,133.50"
2012-04-30,"1,131"
2012-05-02,"1,128.10"
2012-05-03,"1,130.50"
2012-05-04,"1,131.70"
2012-05-07,"1,139.50"
2012-05-08,"1,134"
2012-05-09,"1,139"
2012-05-10,"1,144.50"
2012-05-11,"1,143"
2012-05-14,"1,149"
2012-05-15,"1,154"
2012-05-16,"1,158"
2012-05-17,"1,166"
2012-05-18,"1,169"
2012-05-21,"1,167"
2012-05-22,"1,163.20"
2012-05-23,"1,171"
2012-05-24,"1,177"
2012-05-25,"1,179.60"
2012-05-29,"1,178.70"
2012-05-30,"1,179"
2012-05-31,"1,184.10"
2012-06-01,"1,182"
2012-06-04,"1,182.60"
2012-06-05,"1,176"
2012-06-07,"1,169"
2012-06-08,"1,168"
2012-06-11,"1,165"
2012-06-12,"1,173.50"
2012-06-13,"1,168.40"
2012-06-14,"1,167"
2012-06-15,"1,161.50"
2012-06-18,"1,158"
2012-06-19,"1,160.70"
2012-06-20,"1,153"
2012-06-21,"1,151.50"
2012-06-22,"1,158"
2012-06-25,"1,157"
2012-06-26,"1,162.20"
2012-06-27,"1,158"
2012-06-28,"1,155.50"
2012-06-29,"1,157"
2012-07-02,"1,140.20"
2012-07-03,"1,143.50"
2012-07-04,"1,134.20"
2012-07-05,"1,138.50"
2012-07-06,"1,135.50"
2012-07-09,"1,145"
2012-07-10,"1,142"
2012-07-11,"1,143.10"
2012-07-12,"1,142"
2012-07-13,"1,155"
2012-07-16,"1,147"
2012-07-17,"1,146"
2012-07-18,"1,141.50"
2012-07-19,"1,139.50"
2012-07-20,"1,138.50"
2012-07-23,"1,145.50"
2012-07-24,"1,150"
2012-07-25,"1,150.50"
2012-07-26,"1,147"
2012-07-27,"1,140"
2012-07-30,"1,133"
2012-07-31,"1,136"
2012-08-01,"1,130"
2012-08-02,"1,131"
2012-08-03,"1,135.50"
2012-08-06,"1,125"
2012-08-07,"1,127.50"
2012-08-08,"1,129"
2012-08-09,"1,129.80"
2012-08-10,"1,127.50"
2012-08-13,"1,130.20"
2012-08-14,"1,132"
2012-08-16,"1,133"
2012-08-17,"1,131.30"
2012-08-20,"1,135"
2012-08-21,"1,134.40"
2012-08-22,"1,131"
2012-08-23,"1,132"
2012-08-24,"1,133.40"
2012-08-27,"1,136"
2012-08-28,"1,135.60"
2012-08-29,"1,135"
2012-08-30,"1,135"
2012-08-31,"1,136.50"
2012-09-03,"1,132.50"
2012-09-04,"1,131.50"
2012-09-05,"1,134.50"
2012-09-06,"1,135.50"
2012-09-07,"1,130"
2012-09-10,"1,128"
2012-09-11,"1,129.50"
2012-09-12,"1,127.40"
2012-09-13,"1,126.70"
2012-09-14,"1,122"
2012-09-17,"1,115.50"
2012-09-18,"1,117.30"
2012-09-19,"1,119"
2012-09-20,"1,115"
2012-09-21,"1,119"
2012-09-24,"1,119.50"
2012-09-25,"1,120"
2012-09-26,"1,119.90"
2012-09-27,"1,119.80"
2012-09-28,"1,115"
2012-10-02,"1,113"
2012-10-04,"1,113"
2012-10-05,"1,111.70"
2012-10-08,"1,110.50"
2012-10-09,"1,111.50"
2012-10-10,"1,113.80"
2012-10-11,"1,115.10"
2012-10-12,"1,113.50"
2012-10-15,"1,113.50"
2012-10-16,"1,109"
2012-10-17,"1,104"
2012-10-18,"1,105"
2012-10-19,"1,105.60"
2012-10-22,"1,106"
2012-10-23,"1,101.50"
2012-10-24,"1,106"
2012-10-25,"1,103.40"
2012-10-26,"1,096.50"
2012-10-29,"1,096"
2012-10-30,"1,097.10"
2012-10-31,"1,090.50"
2012-11-01,"1,091"
2012-11-02,"1,092.50"
2012-11-05,"1,093"
2012-11-06,"1,092"
2012-11-07,"1,090.10"
2012-11-08,"1,089.50"
2012-11-09,"1,091"
2012-11-12,"1,089.50"
2012-11-13,"1,089.70"
2012-11-14,"1,089.10"
2012-11-15,"1,087.50"
2012-11-16,"1,087.50"
2012-11-19,"1,088.50"
2012-11-20,"1,085"
2012-11-21,"1,082.20"
2012-11-22,"1,081.50"
2012-11-23,"1,085"
2012-11-26,"1,084.50"
2012-11-27,"1,084.50"
2012-11-28,"1,085.70"
2012-11-29,"1,084.50"
2012-11-30,"1,083.50"
2012-12-03,"1,082.70"
2012-12-04,"1,083.50"
2012-12-05,"1,083"
2012-12-06,"1,083"
2012-12-07,"1,084.20"
2012-12-10,"1,081"
2012-12-11,"1,076"
2012-12-12,"1,074.80"
2012-12-13,"1,072"
2012-12-14,"1,074"
2012-12-17,"1,074"
2012-12-18,"1,071.50"
2012-12-20,"1,072.80"
2012-12-21,"1,074"
2012-12-24,"1,075.10"
2012-12-26,"1,074.20"
2012-12-27,"1,073.50"
2012-12-28,"1,071.30"
2012-12-31,
2013-01-02,"1,066"
2013-01-03,"1,063"
2013-01-04,"1,064"
2013-01-07,"1,062"
2013-01-08,"1,063.80"
2013-01-09,"1,063.30"
2013-01-10,"1,060.70"
2013-01-11,"1,057.90"
2013-01-14,"1,056"
2013-01-15,"1,055.50"
2013-01-16,"1,057"
2013-01-17,"1,057.50"
2013-01-18,"1,055.50"
2013-01-21,"1,057.50"
2013-01-22,"1,062.80"
2013-01-23,"1,063.50"
2013-01-24,"1,067.50"
2013-01-25,"1,069"
2013-01-28,"1,082"
2013-01-29,"1,089.50"
2013-01-30,"1,081"
2013-01-31,"1,087.50"
2013-02-01,"1,088"
2013-02-04,"1,093"
2013-02-05,"1,090.80"
2013-02-06,"1,085"
2013-02-07,"1,090.90"
2013-02-08,"1,091.50"
2013-02-12,"1,095"
2013-02-13,"1,086"
2013-02-14,"1,086.50"
2013-02-15,"1,082"
2013-02-18,"1,081.80"
2013-02-19,"1,080.60"
2013-02-20,"1,079"
2013-02-21,"1,082.50"
2013-02-22,"1,089.30"
2013-02-25,"1,086.20"
2013-02-26,"1,088.50"
2013-02-27,"1,088"
2013-02-28,"1,082.30"
2013-03-04,"1,088"
2013-03-05,"1,090.50"
2013-03-06,"1,085"
2013-03-07,"1,086.30"
2013-03-08,"1,085.50"
2013-03-11,"1,095.50"
2013-03-12,"1,097"
2013-03-13,"1,097"
2013-03-14,"1,102.50"
2013-03-15,"1,109"
2013-03-18,"1,112"
2013-03-19,"1,112.40"
2013-03-20,"1,115.50"
2013-03-21,"1,115"
2013-03-22,"1,115.50"
2013-03-25,"1,115"
2013-03-26,"1,111"
2013-03-27,"1,106.20"
2013-03-28,"1,111"
2013-03-29,"1,113.50"
2013-04-01,"1,114"
2013-04-02,"1,113"
2013-04-03,"1,122"
2013-04-04,"1,123"
2013-04-05,"1,125"
2013-04-08,"1,134"
2013-04-09,"1,144"
2013-04-10,"1,137"
2013-04-11,"1,130"
2013-04-12,"1,129"
2013-04-15,"1,131"
2013-04-16,"1,124"
2013-04-17,"1,112"
2013-04-18,"1,122"
2013-04-19,"1,122"
2013-04-22,"1,121"
2013-04-23,"1,119"
2013-04-24,"1,119.50"
2013-04-25,"1,116"
2013-04-26,"1,109"
2013-04-29,"1,110"
2013-04-30,"1,103.50"
2013-05-02,"1,099.60"
2013-05-03,"1,101"
2013-05-06,"1,097"
2013-05-07,"1,095"
2013-05-08,"1,087"
2013-05-09,"1,083"
2013-05-10,"1,099"
2013-05-13,"1,113"
2013-05-14,"1,113"
2013-05-15,"1,115"
2013-05-16,"1,118"
2013-05-20,"1,120"
2013-05-21,"1,114.20"
2013-05-22,"1,113"
2013-05-23,"1,120"
2013-05-24,"1,124"
2013-05-27,"1,127"
2013-05-28,"1,121"
2013-05-29,"1,130.10"
2013-05-30,"1,130.50"
2013-05-31,"1,126"
2013-06-03,"1,130"
2013-06-04,"1,127"
2013-06-05,"1,123.90"
2013-06-07,"1,111.30"
2013-06-10,"1,122"
2013-06-11,"1,129.50"
2013-06-12,"1,130"
2013-06-13,"1,131.60"
2013-06-14,"1,126"
2013-06-17,"1,128"
2013-06-18,"1,129"
2013-06-19,"1,132.40"
2013-06-20,"1,143"
2013-06-21,"1,154"
2013-06-24,"1,152"
2013-06-25,"1,160"
2013-06-26,"1,153"
2013-06-27,"1,152.50"
2013-06-28,"1,144"
2013-07-01,"1,142"
2013-07-02,"1,133"
2013-07-03,"1,139"
2013-07-04,"1,140"
2013-07-05,"1,138"
2013-07-08,"1,152"
2013-07-09,"1,146"
2013-07-10,"1,141.70"
2013-07-11,"1,128"
2013-07-12,"1,122"
2013-07-15,"1,123"
2013-07-16,"1,121.80"
2013-07-17,"1,115"
2013-07-18,"1,118.20"
2013-07-19,"1,125"
2013-07-22,"1,119.50"
2013-07-23,"1,115"
2013-07-24,"1,116.50"
2013-07-25,"1,121"
2013-07-26,"1,114.40"
2013-07-29,"1,110.30"
2013-07-30,"1,112"
2013-07-31,"1,116"
2013-08-01,"1,119"
2013-08-02,"1,127"
2013-08-05,"1,119.50"
2013-08-06,"1,115"
2013-08-07,"1,113.20"
2013-08-08,"1,114"
2013-08-09,"1,108"
2013-08-12,"1,111"
2013-08-13,"1,115.80"
2013-08-14,"1,118.90"
2013-08-16,"1,118"
2013-08-19,"1,114.50"
2013-08-20,"1,119.50"
2013-08-21,"1,116.50"
2013-08-22,"1,122"
2013-08-23,"1,121"
2013-08-26,"1,113"
2013-08-27,"1,114.80"
2013-08-28,"1,119"
2013-08-29,"1,113"
2013-08-30,"1,111.80"
2013-09-02,"1,108"
2013-09-03,"1,098.90"
2013-09-04,"1,101.50"
2013-09-05,"1,091.60"
2013-09-06,"1,097"
2013-09-09,"1,090"
2013-09-10,"1,082.50"
2013-09-11,"1,084"
2013-09-12,"1,082.50"
2013-09-13,"1,084"
2013-09-16,"1,082.80"
2013-09-17,"1,083"
2013-09-23,"1,078"
2013-09-24,"1,073.90"
2013-09-25,"1,075.40"
2013-09-26,"1,075"
2013-09-27,"1,077.50"
2013-09-30,"1,075.50"
2013-10-01,"1,076"
2013-10-02,"1,073.50"
2013-10-04,"1,072"
2013-10-07,"1,071.50"
2013-10-08,"1,071"
2013-10-10,"1,076"
2013-10-11,"1,071"
2013-10-14,"1,071.40"
2013-10-15,"1,070.40"
2013-10-16,"1,067.40"
2013-10-17,"1,066"
2013-10-18,"1,061.50"
2013-10-21,"1,060"
2013-10-22,"1,063.30"
2013-10-23,"1,057.50"
2013-10-24,"1,056"
2013-10-25,"1,061.50"
2013-10-28,"1,063.90"
2013-10-29,"1,061.60"
2013-10-30,"1,062"
2013-10-31,"1,060.90"
2013-11-01,"1,065"
2013-11-04,"1,062"
2013-11-05,"1,062"
2013-11-06,"1,062.90"
2013-11-07,"1,060.50"
2013-11-08,"1,063.10"
2013-11-11,"1,067"
2013-11-12,"1,072.90"
2013-11-13,"1,072"
2013-11-14,"1,067"
2013-11-15,"1,069"
2013-11-18,"1,061.40"
2013-11-19,"1,056.50"
2013-11-20,"1,055.40"
2013-11-21,"1,059.50"
2013-11-22,"1,061.80"
2013-11-25,"1,060.70"
2013-11-26,"1,059.60"
2013-11-27,"1,060"
2013-11-28,"1,064"
2013-11-29,"1,060.90"
2013-12-02,"1,057.60"
2013-12-03,"1,059.50"
2013-12-04,"1,061"
2013-12-05,"1,060.50"
2013-12-06,"1,058.30"
2013-12-09,"1,053"
2013-12-10,"1,051.50"
2013-12-11,"1,053"
2013-12-12,"1,053.20"
2013-12-13,"1,052.50"
2013-12-16,"1,054.20"
2013-12-17,"1,051.90"
2013-12-18,"1,053"
2013-12-19,"1,055"
2013-12-20,"1,061"
2013-12-23,"1,061.60"
2013-12-24,"1,060.60"
2013-12-26,"1,060"
2013-12-27,"1,058.40"
2013-12-30,"1,055"
2013-12-31,
2014-01-02,"1,050.40"
2014-01-03,"1,053"
2014-01-06,"1,055.50"
2014-01-07,"1,064.90"
2014-01-08,"1,069"
2014-01-09,"1,069.40"
2014-01-10,"1,064"
2014-01-13,"1,057"
2014-01-14,"1,057.50"
2014-01-15,"1,061.50"
2014-01-16,"1,064.70"
2014-01-17,"1,062"
2014-01-20,"1,062.50"
2014-01-21,"1,063.60"
2014-01-22,"1,069.80"
2014-01-23,"1,068.30"
2014-01-24,"1,075.90"
2014-01-27,"1,085.50"
2014-01-28,"1,080"
2014-01-29,"1,073.60"
2014-02-03,"1,081"
2014-02-04,"1,088"
2014-02-05,"1,076.50"
2014-02-06,"1,077"
2014-02-07,"1,074.50"
2014-02-10,"1,074"
2014-02-11,"1,073.30"
2014-02-12,"1,065.50"
2014-02-13,"1,062"
2014-02-14,"1,062.90"
2014-02-17,"1,059"
2014-02-18,"1,059.50"
2014-02-19,"1,064.70"
2014-02-20,"1,068.80"
2014-02-21,"1,073.50"
2014-02-24,"1,076"
2014-02-25,"1,070.50"
2014-02-26,"1,074"
2014-02-27,"1,070"
2014-02-28,"1,066"
2014-03-03,"1,072.10"
2014-03-04,"1,073"
2014-03-05,"1,068"
2014-03-06,"1,071.50"
2014-03-07,"1,062.50"
2014-03-10,"1,065"
2014-03-11,"1,066.30"
2014-03-12,"1,069"
2014-03-13,"1,066.90"
2014-03-14,"1,071.90"
2014-03-17,"1,072"
2014-03-18,"1,067"
2014-03-19,"1,069"
2014-03-20,"1,076"
2014-03-21,"1,080"
2014-03-24,"1,082.10"
2014-03-25,"1,076.50"
2014-03-26,"1,076"
2014-03-27,"1,075.40"
2014-03-28,"1,068.50"
2014-03-31,"1,066"
2014-04-01,"1,062.50"
2014-04-02,"1,056.50"
2014-04-03,"1,058.50"
2014-04-04,"1,058"
2014-04-07,"1,051.30"
2014-04-08,"1,055"
2014-04-09,"1,046"
2014-04-10,"1,035"
2014-04-11,"1,040"
2014-04-14,"1,039"
2014-04-15,"1,041"
2014-04-16,"1,042"
2014-04-17,"1,035.90"
2014-04-18,"1,039"
2014-04-21,"1,037.50"
2014-04-22,"1,038.70"
2014-04-23,"1,039"
2014-04-24,"1,040"
2014-04-25,"1,037"
2014-04-28,"1,039.70"
2014-04-29,"1,033.10"
2014-04-30,"1,030.70"
2014-05-02,"1,031"
2014-05-07,"1,027"
2014-05-08,"1,023.50"
2014-05-09,"1,022.90"
2014-05-12,"1,026"
2014-05-13,"1,024"
2014-05-14,"1,022.50"
2014-05-15,"1,028.50"
2014-05-16,"1,027.50"
2014-05-19,"1,023"
2014-05-20,"1,022.10"
2014-05-21,"1,024.70"
2014-05-22,"1,026.20"
2014-05-23,"1,024.50"
2014-05-26,"1,024.20"
2014-05-27,"1,023.80"
2014-05-28,"1,024.30"
2014-05-29,"1,021.10"
2014-05-30,"1,018"
2014-06-02,"1,021.30"
2014-06-03,"1,024.90"
2014-06-05,"1,025.50"
2014-06-09,"1,018"
2014-06-10,"1,017"
2014-06-11,"1,016.40"
2014-06-12,"1,017.60"
2014-06-13,"1,018.50"
2014-06-16,"1,019.30"
2014-06-17,"1,021.30"
2014-06-18,"1,023.50"
2014-06-19,"1,018.10"
2014-06-20,"1,019.90"
2014-06-23,"1,019.80"
2014-06-24,"1,018.50"
2014-06-25,"1,019.30"
2014-06-26,"1,018.20"
2014-06-27,"1,017"
2014-06-30,"1,013"
2014-07-01,"1,011.50"
2014-07-02,"1,011.80"
2014-07-03,"1,009.50"
2014-07-04,"1,009.50"
2014-07-07,"1,008.80"
2014-07-08,"1,011.20"
2014-07-09,"1,012.60"
2014-07-10,"1,010.50"
2014-07-11,"1,015.10"
2014-07-14,"1,020"
2014-07-15,"1,019.40"
2014-07-16,"1,028.50"
2014-07-17,"1,029"
2014-07-18,"1,033.50"
2014-07-21,"1,029"
2014-07-22,"1,025.50"
2014-07-23,"1,023.30"
2014-07-24,"1,024.40"
2014-07-25,"1,031"
2014-07-28,"1,027.90"
2014-07-29,"1,025"
2014-07-30,"1,027"
2014-07-31,"1,027.50"
2014-08-01,"1,032"
2014-08-04,"1,032"
2014-08-05,"1,031"
2014-08-06,"1,034.90"
2014-08-07,"1,033"
2014-08-08,"1,037.50"
2014-08-11,"1,030.90"
2014-08-12,"1,029.70"
2014-08-13,"1,028"
2014-08-14,"1,031"
2014-08-18,"1,018"
2014-08-19,"1,016.30"
2014-08-20,"1,019.50"
2014-08-21,"1,023.50"
2014-08-22,"1,022"
2014-08-25,"1,019.40"
2014-08-26,"1,019"
2014-08-27,"1,015.50"
2014-08-28,"1,013.80"
2014-08-29,"1,015.50"
2014-09-01,"1,015"
2014-09-02,"1,012"
2014-09-03,"1,019"
2014-09-04,"1,018.90"
2014-09-05,"1,022"
2014-09-11,"1,032.50"
2014-09-12,"1,036.60"
2014-09-15,"1,038"
2014-09-16,"1,038"
2014-09-17,"1,032"
2014-09-18,"1,041.30"
2014-09-19,"1,044.60"
2014-09-22,"1,040"
2014-09-23,"1,042.90"
2014-09-24,"1,040.40"
2014-09-25,"1,041"
2014-09-26,"1,044.20"
2014-09-29,"1,049"
2014-09-30,"1,055.80"
2014-10-01,"1,058"
2014-10-02,"1,059.80"
2014-10-06,"1,074.90"
2014-10-07,"1,065"
2014-10-08,"1,066.10"
2014-10-10,"1,070.50"
2014-10-13,"1,073.50"
2014-10-14,"1,065"
2014-10-15,"1,065"
2014-10-16,"1,059.60"
2014-10-17,"1,061"
2014-10-20,"1,063.40"
2014-10-21,"1,056.40"
2014-10-22,"1,055.50"
2014-10-23,"1,054.20"
2014-10-24,"1,060"
2014-10-27,"1,055.50"
2014-10-28,"1,050.50"
2014-10-29,"1,047"
2014-10-30,"1,054.80"
2014-10-31,"1,053.10"
2014-11-03,"1,076"
2014-11-04,"1,081.50"
2014-11-05,"1,077.30"
2014-11-06,"1,087.30"
2014-11-07,"1,091.50"
2014-11-10,"1,086"
2014-11-11,"1,088.90"
2014-11-12,"1,097"
2014-11-13,"1,095.50"
2014-11-14,"1,097.20"
2014-11-17,"1,102"
2014-11-18,"1,100.40"
2014-11-19,"1,100.50"
2014-11-20,"1,115"
2014-11-21,"1,112"
2014-11-24,"1,110"
2014-11-25,"1,115"
2014-11-26,"1,109"
2014-11-27,"1,103"
2014-11-28,"1,101"
2014-12-01,"1,113.50"
2014-12-02,"1,108.50"
2014-12-03,"1,115"
2014-12-04,"1,116.30"
2014-12-05,"1,112.50"
2014-12-08,"1,121.10"
2014-12-09,"1,112"
2014-12-10,"1,104"
2014-12-11,"1,098.50"
2014-12-12,"1,103"
2014-12-15,"1,100.10"
2014-12-16,"1,097.50"
2014-12-17,"1,081.60"
2014-12-18,"1,100"
2014-12-19,"1,100.50"
2014-12-22,"1,100"
2014-12-23,"1,100"
2014-12-24,"1,106.50"
2014-12-26,"1,102.50"
2014-12-29,"1,097.70"
2014-12-30,"1,100"
2014-12-31,
2015-01-02,"1,097.20"
2015-01-05,"1,106.50"
2015-01-06,"1,108"
2015-01-07,"1,098.50"
2015-01-08,"1,100"
2015-01-09,"1,095.60"
2015-01-12,"1,082.90"
2015-01-13,"1,083.50"
2015-01-14,"1,078"
2015-01-15,"1,083"
2015-01-16,"1,072"
2015-01-19,"1,081"
2015-01-20,"1,081"
2015-01-21,"1,088.10"
2015-01-22,"1,084.50"
2015-01-23,"1,087.90"
2015-01-26,"1,078"
2015-01-27,"1,083"
2015-01-28,"1,077.50"
2015-01-29,"1,086"
2015-01-30,"1,100"
2015-02-02,"1,100"
2015-02-03,"1,099.50"
2015-02-04,"1,093"
2015-02-05,"1,090"
2015-02-06,"1,085.30"
2015-02-09,"1,098"
2015-02-10,"1,095"
2015-02-11,"1,097"
2015-02-12,"1,107"
2015-02-13,"1,101.10"
2015-02-16,"1,097.50"
2015-02-17,"1,101.50"
2015-02-23,"1,105"
2015-02-24,"1,109"
2015-02-25,"1,105.30"
2015-02-26,"1,100"
2015-02-27,"1,102.90"
2015-03-02,"1,101.50"
2015-03-03,"1,103.90"
2015-03-04,"1,096.50"
2015-03-05,"1,100.50"
2015-03-06,"1,101.80"
2015-03-09,"1,111"
2015-03-10,"1,116"
2015-03-11,"1,125"
2015-03-12,"1,131.50"
2015-03-13,"1,124.50"
2015-03-16,"1,135"
2015-03-17,"1,131"
2015-03-18,"1,128"
2015-03-19,"1,110.50"
2015-03-20,"1,120.50"
2015-03-23,"1,113"
2015-03-24,"1,106"
2015-03-25,"1,104.80"
2015-03-26,"1,101"
2015-03-27,"1,105"
2015-03-30,"1,103.50"
2015-03-31,"1,108"
2015-04-01,"1,108.90"
2015-04-02,"1,098"
2015-04-03,"1,092.30"
2015-04-06,"1,085.50"
2015-04-07,"1,087"
2015-04-08,"1,094"
2015-04-09,"1,093.50"
2015-04-10,"1,096.10"
2015-04-13,"1,094.50"
2015-04-14,"1,101.80"
2015-04-15,"1,091.50"
2015-04-16,"1,092.60"
2015-04-17,"1,084.50"
2015-04-20,"1,082"
2015-04-21,"1,083.30"
2015-04-22,"1,083"
2015-04-23,"1,084"
2015-04-24,"1,080.50"
2015-04-27,"1,078"
2015-04-28,"1,070"
2015-04-29,"1,067"
2015-04-30,"1,070"
2015-05-04,"1,080"
2015-05-06,"1,081"
2015-05-07,"1,078.50"
2015-05-08,"1,093.20"
2015-05-11,"1,086.60"
2015-05-12,"1,096.50"
2015-05-13,"1,092.50"
2015-05-14,"1,092.50"
2015-05-15,"1,090"
2015-05-18,"1,084.50"
2015-05-19,"1,090.50"
2015-05-20,"1,095"
2015-05-21,"1,097"
2015-05-22,"1,091.80"
2015-05-26,"1,097"
2015-05-27,"1,106.50"
2015-05-28,"1,110"
2015-05-29,"1,107"
2015-06-01,"1,113.50"
2015-06-02,"1,115.50"
2015-06-03,"1,108.30"
2015-06-04,"1,107.50"
2015-06-05,"1,113"
2015-06-08,"1,123"
2015-06-09,"1,119"
2015-06-10,"1,120.50"
2015-06-11,"1,111"
2015-06-12,"1,113"
2015-06-15,"1,112"
2015-06-16,"1,116.50"
2015-06-17,"1,118.50"
2015-06-18,"1,113"
2015-06-19,"1,105.50"
2015-06-22,"1,103.50"
2015-06-23,"1,101.20"
2015-06-24,"1,106.20"
2015-06-25,"1,110"
2015-06-26,"1,111"
2015-06-29,"1,126"
2015-06-30,"1,120"
2015-07-01,"1,118.80"
2015-07-02,"1,124"
2015-07-03,"1,123"
2015-07-06,"1,125.20"
2015-07-07,"1,126.50"
2015-07-08,"1,133"
2015-07-09,"1,135"
2015-07-10,"1,131.50"
2015-07-13,"1,132.50"
2015-07-14,"1,138"
2015-07-15,"1,143"
2015-07-16,"1,147.50"
2015-07-17,"1,146.80"
2015-07-20,"1,150"
2015-07-21,"1,156"
2015-07-22,"1,150"
2015-07-23,"1,157"
2015-07-24,"1,162.20"
2015-07-27,"1,170"
2015-07-28,"1,167.50"
2015-07-29,"1,161"
2015-07-30,"1,162.50"
2015-07-31,"1,173"
2015-08-03,"1,165"
2015-08-04,"1,171"
2015-08-05,"1,169.50"
2015-08-06,"1,173"
2015-08-07,"1,163.50"
2015-08-10,"1,164.50"
2015-08-11,"1,159"
2015-08-12,"1,180.50"
2015-08-13,"1,175.60"
2015-08-17,"1,179.50"
2015-08-18,"1,184"
2015-08-19,"1,187.50"
2015-08-20,"1,181.10"
2015-08-21,"1,186"
2015-08-24,"1,198"
2015-08-25,"1,192"
2015-08-26,"1,192"
2015-08-27,"1,184"
2015-08-28,"1,176"
2015-08-31,"1,178"
2015-09-01,"1,183"
2015-09-02,"1,180"
2015-09-03,"1,183"
2015-09-04,"1,190.50"
2015-09-07,"1,202"
2015-09-08,"1,202"
2015-09-09,"1,194"
2015-09-10,"1,194"
2015-09-11,"1,183"
2015-09-14,"1,182.50"
2015-09-15,"1,182.40"
2015-09-16,"1,179"
2015-09-17,"1,170.50"
2015-09-18,"1,167.50"
2015-09-21,"1,172"
2015-09-22,"1,178.10"
2015-09-23,"1,184.50"
2015-09-24,"1,192.50"
2015-09-25,"1,194.30"
2015-09-30,"1,196"
2015-10-01,"1,185"
2015-10-02,"1,178.60"
2015-10-05,"1,173.20"
2015-10-06,"1,162.50"
2015-10-07,"1,161.50"
2015-10-08,"1,158.70"
2015-10-12,"1,148.50"
2015-10-13,"1,145"
2015-10-14,"1,150"
2015-10-15,"1,138"
2015-10-16,"1,125"
2015-10-19,"1,131"
2015-10-20,"1,132"
2015-10-21,"1,131.50"
2015-10-22,"1,138.80"
2015-10-23,"1,132"
2015-10-26,"1,135.50"
2015-10-27,"1,130"
2015-10-28,"1,135.80"
2015-10-29,"1,145"
2015-10-30,"1,140.40"
2015-11-02,"1,142"
2015-11-03,"1,137"
2015-11-04,"1,130.20"
2015-11-05,"1,136.80"
2015-11-06,"1,137.80"
2015-11-09,"1,153.50"
2015-11-10,"1,157"
2015-11-11,"1,157.50"
2015-11-12,"1,153.30"
2015-11-13,"1,159"
2015-11-16,"1,171.50"
2015-11-17,"1,168"
2015-11-18,"1,170"
2015-11-19,"1,166"
2015-11-20,"1,156"
2015-11-23,"1,154.50"
2015-11-24,"1,158"
2015-11-25,"1,147"
2015-11-26,"1,145"
2015-11-27,"1,148.50"
2015-11-30,"1,157.10"
2015-12-01,"1,158.10"
2015-12-02,"1,153.80"
2015-12-03,"1,164"
2015-12-04,"1,154.90"
2015-12-07,"1,165"
2015-12-08,"1,175"
2015-12-09,"1,178.90"
2015-12-10,"1,178"
2015-12-11,"1,179.10"
2015-12-14,"1,187.10"
2015-12-15,"1,184"
2015-12-16,"1,175.70"
2015-12-17,"1,175.50"
2015-12-18,"1,185"
2015-12-21,"1,176.90"
2015-12-22,"1,176"
2015-12-23,"1,171.50"
2015-12-24,"1,174.50"
2015-12-28,"1,168.30"
2015-12-29,"1,169"
2015-12-30,"1,169.70"
2015-12-31,
2016-01-04,"1,178"
2016-01-05,"1,189.50"
2016-01-06,"1,190.50"
2016-01-07,"1,199.50"
2016-01-08,"1,198"
2016-01-11,"1,206.10"
2016-01-12,"1,205"
2016-01-13,"1,209.20"
2016-01-14,"1,209.20"
2016-01-15,"1,208"
2016-01-18,"1,214"
2016-01-19,"1,211"
2016-01-20,"1,207.50"
2016-01-21,"1,210"
2016-01-22,"1,204"
2016-01-25,"1,197"
2016-01-26,"1,200"
2016-01-27,"1,198.30"
2016-01-28,"1,209"
2016-01-29,"1,206"
2016-02-01,"1,206"
2016-02-02,"1,202.50"
2016-02-03,"1,214"
2016-02-04,"1,204"
2016-02-05,"1,191.80"
2016-02-11,"1,192"
2016-02-12,"1,200.10"
2016-02-15,"1,206"
2016-02-16,"1,211"
2016-02-17,"1,220.50"
2016-02-18,"1,223"
2016-02-19,"1,231"
2016-02-22,"1,236"
2016-02-23,"1,225"
2016-02-24,"1,233"
2016-02-25,"1,233.50"
2016-02-26,"1,236"
2016-02-29,"1,243"
2016-03-02,"1,231"
2016-03-03,"1,227"
2016-03-04,"1,210.50"
2016-03-07,"1,199.80"
2016-03-08,"1,200"
2016-03-09,"1,211"
2016-03-10,"1,211.60"
2016-03-11,"1,206.50"
2016-03-14,"1,188"
2016-03-15,"1,190"
2016-03-16,"1,194"
2016-03-17,"1,180"
2016-03-18,"1,156.30"
2016-03-21,"1,164.50"
2016-03-22,"1,163"
2016-03-23,"1,156"
2016-03-24,"1,169"
2016-03-25,"1,167.70"
2016-03-28,"1,170"
2016-03-29,"1,164.50"
2016-03-30,"1,156"
2016-03-31,"1,145.60"
2016-04-01,"1,145"
2016-04-04,"1,147.40"
2016-04-05,"1,153.50"
2016-04-06,"1,159.50"
2016-04-07,"1,153.50"
2016-04-08,"1,159"
2016-04-11,"1,153.50"
2016-04-12,"1,143"
2016-04-14,"1,146.50"
2016-04-15,"1,153.50"
2016-04-18,"1,151"
2016-04-19,"1,144"
2016-04-20,"1,131.30"
2016-04-21,"1,133.20"
2016-04-22,"1,140.50"
2016-04-25,"1,150"
2016-04-26,"1,151"
2016-04-27,"1,148.20"
2016-04-28,"1,148"
2016-04-29,"1,137"
2016-05-02,"1,142"
2016-05-03,"1,137"
2016-05-04,"1,150.50"
2016-05-09,"1,166.20"
2016-05-10,"1,175"
2016-05-11,"1,170"
2016-05-12,"1,165.50"
2016-05-13,"1,169"
2016-05-16,"1,178"
2016-05-17,"1,177.50"
2016-05-18,"1,180"
2016-05-19,"1,190.50"
2016-05-20,"1,188"
2016-05-23,"1,185"
2016-05-24,"1,184.10"
2016-05-25,"1,188"
2016-05-26,"1,180.80"
2016-05-27,"1,179.50"
2016-05-30,"1,187.30"
2016-05-31,"1,189"
2016-06-01,"1,191"
2016-06-02,"1,194"
2016-06-03,"1,187"
2016-06-07,"1,164"
2016-06-08,"1,156.90"
2016-06-09,"1,154"
2016-06-10,"1,161"
2016-06-13,"1,170"
2016-06-14,"1,173"
2016-06-15,"1,176"
2016-06-16,"1,168.50"
2016-06-17,"1,169.50"
2016-06-20,"1,168"
2016-06-21,"1,160.50"
2016-06-22,"1,151"
2016-06-23,"1,151"
2016-06-24,"1,150"
2016-06-27,"1,174.30"
2016-06-28,"1,182.20"
2016-06-29,"1,166"
2016-06-30,"1,153.50"
2016-07-01,"1,153"
2016-07-04,"1,147.70"
2016-07-05,"1,149"
2016-07-06,"1,161.60"
2016-07-07,"1,158.50"
2016-07-08,"1,159"
2016-07-11,"1,150"
2016-07-12,"1,151.50"
2016-07-13,"1,143"
2016-07-14,"1,146.80"
2016-07-15,"1,132.50"
2016-07-18,"1,137"
2016-07-19,"1,136.80"
2016-07-20,"1,142"
2016-07-21,"1,142.50"
2016-07-22,"1,137.50"
2016-07-25,"1,136.60"
2016-07-26,"1,142"
2016-07-27,"1,136.30"
2016-07-28,"1,127"
2016-07-29,"1,123"
2016-08-01,"1,112.50"
2016-08-02,"1,109"
2016-08-03,"1,113"
2016-08-04,"1,117"
2016-08-05,"1,112.50"
2016-08-08,"1,115"
2016-08-09,"1,107"
2016-08-10,"1,103"
2016-08-11,"1,096.50"
2016-08-12,"1,098.50"
2016-08-16,"1,097.50"
2016-08-17,"1,095"
2016-08-18,"1,105"
2016-08-19,"1,108"
2016-08-22,"1,118"
2016-08-23,"1,122"
2016-08-24,"1,121.50"
2016-08-25,"1,120.50"
2016-08-26,"1,116.10"
2016-08-29,"1,126"
2016-08-30,"1,118"
2016-08-31,"1,119.50"
2016-09-01,"1,116"
2016-09-02,"1,117"
2016-09-05,"1,114.50"
2016-09-06,"1,103"
2016-09-07,"1,093.50"
2016-09-08,"1,090.50"
2016-09-09,"1,098"
2016-09-12,"1,106"
2016-09-13,"1,108.50"
2016-09-19,"1,125.50"
2016-09-20,"1,117.10"
2016-09-21,"1,116.80"
2016-09-22,"1,103.30"
2016-09-23,"1,103.10"
2016-09-26,"1,103.30"
2016-09-27,"1,109.60"
2016-09-28,"1,096.50"
2016-09-29,"1,092"
2016-09-30,"1,103"
2016-10-04,"1,103"
2016-10-05,"1,117"
2016-10-06,"1,113"
2016-10-07,"1,116"
2016-10-10,"1,114"
2016-10-11,"1,108.50"
2016-10-12,"1,123.80"
2016-10-13,"1,126"
2016-10-14,"1,131"
2016-10-17,"1,140.20"
2016-10-18,"1,132"
2016-10-19,"1,128.20"
2016-10-20,"1,120"
2016-10-21,"1,132.30"
2016-10-24,"1,136.50"
2016-10-25,"1,135"
2016-10-26,"1,129.90"
2016-10-27,"1,139"
2016-10-28,"1,147"
2016-10-31,"1,145"
2016-11-01,"1,143"
2016-11-02,"1,146"
2016-11-03,"1,145.50"
2016-11-04,"1,143.80"
2016-11-07,"1,140"
2016-11-08,"1,140"
2016-11-09,"1,129"
2016-11-10,"1,158"
2016-11-11,"1,162.70"
2016-11-14,"1,167"
2016-11-15,"1,169"
2016-11-16,"1,168"
2016-11-17,"1,171"
2016-11-18,"1,181"
2016-11-21,"1,183"
2016-11-22,"1,177"
2016-11-23,"1,170"
2016-11-24,"1,184"
2016-11-25,"1,177"
2016-11-28,"1,174.50"
2016-11-29,"1,169.50"
2016-11-30,"1,167.50"
2016-12-01,"1,177"
2016-12-02,"1,166"
2016-12-05,"1,170.20"
2016-12-06,"1,167.70"
2016-12-07,"1,172.50"
2016-12-08,"1,160"
2016-12-09,"1,163.50"
2016-12-12,"1,172"
2016-12-13,"1,165.90"
2016-12-14,"1,165"
2016-12-15,"1,180.50"
2016-12-16,"1,183.50"
2016-12-19,"1,186"
2016-12-20,"1,188"
2016-12-21,"1,193"
2016-12-22,"1,195.80"
2016-12-23,"1,205"
2016-12-26,"1,201.50"
2016-12-27,"1,201"
2016-12-28,"1,208"
2016-12-29,"1,211.50"
2016-12-30,
2017-01-02,"1,206"
2017-01-03,"1,209.50"
2017-01-04,"1,206.50"
2017-01-05,"1,195"
2017-01-06,"1,183.50"
2017-01-09,"1,202"
2017-01-10,"1,202.50"
2017-01-11,"1,201"
2017-01-12,"1,186.50"
2017-01-13,"1,176"
2017-01-16,"1,175.50"
2017-01-17,"1,184.10"
2017-01-18,"1,162.50"
2017-01-19,"1,180"
2017-01-20,"1,175.20"
2017-01-23,"1,170"
2017-01-24,"1,162"
2017-01-25,"1,149"
2017-01-26,"1,161.40"
2017-01-31,"1,170"
2017-02-01,"1,150"
2017-02-02,"1,152"
2017-02-03,"1,144.80"
2017-02-06,"1,138"
2017-02-07,"1,136"
2017-02-08,"1,145"
2017-02-09,"1,145"
2017-02-10,"1,153.30"
2017-02-13,"1,149.50"
2017-02-14,"1,150"
2017-02-15,"1,140"
2017-02-16,"1,133"
2017-02-17,"1,141.70"
2017-02-20,"1,151"
2017-02-21,"1,145"
2017-02-22,"1,143"
2017-02-23,"1,139.70"
2017-02-24,"1,132"
2017-02-27,"1,132"
2017-02-28,"1,134.50"
2017-03-02,"1,142"
2017-03-03,"1,149.10"
2017-03-06,"1,153"
2017-03-07,"1,155.20"
2017-03-08,"1,150.50"
2017-03-09,"1,155"
2017-03-10,"1,161"
2017-03-13,"1,148"
2017-03-14,"1,148.40"
2017-03-15,"1,148"
2017-03-16,"1,130"
2017-03-17,"1,130"
2017-03-20,"1,129.10"
2017-03-21,"1,114"
2017-03-22,"1,122.50"
2017-03-23,"1,118"
2017-03-24,"1,122.50"
2017-03-27,"1,115"
2017-03-28,"1,110.50"
2017-03-29,"1,116.50"
2017-03-30,"1,112"
2017-03-31,"1,118.50"
2017-04-03,"1,117"
2017-04-04,"1,117"
2017-04-05,"1,124.20"
2017-04-06,"1,127.10"
2017-04-07,"1,131"
2017-04-10,"1,137"
2017-04-11,"1,142.50"
2017-04-12,"1,146"
2017-04-13,"1,134.50"
2017-04-14,"1,135"
2017-04-17,"1,139"
2017-04-18,"1,133.50"
2017-04-19,"1,142.50"
2017-04-20,"1,143"
2017-04-21,"1,138.50"
2017-04-24,"1,129.50"
2017-04-25,"1,135"
2017-04-26,"1,127"
2017-04-27,"1,131"
2017-04-28,"1,132"
2017-05-02,"1,136"
2017-05-04,"1,134.70"
2017-05-08,"1,135"
2017-05-10,"1,137.50"
2017-05-11,"1,132"
2017-05-12,"1,124"
2017-05-15,"1,124"
2017-05-16,"1,118.20"
2017-05-17,"1,114.80"
2017-05-18,"1,123.70"
2017-05-19,"1,128"
2017-05-22,"1,118.80"
2017-05-23,"1,116"
2017-05-24,"1,125.50"
2017-05-25,"1,119"
2017-05-26,"1,120"
2017-05-29,"1,119"
2017-05-30,"1,123"
2017-05-31,"1,124"
2017-06-01,"1,119"
2017-06-02,"1,122.50"
2017-06-05,"1,119"
2017-06-07,"1,119.50"
2017-06-08,"1,125"
2017-06-09,"1,124"
2017-06-12,"1,126"
2017-06-13,"1,131"
2017-06-14,"1,126.50"
2017-06-15,"1,120"
2017-06-16,"1,130.70"
2017-06-19,"1,132.50"
2017-06-20,"1,137.20"
2017-06-21,"1,141"
2017-06-22,"1,142.50"
2017-06-23,"1,138.50"
2017-06-26,"1,134.50"
2017-06-27,"1,134"
2017-06-28,"1,141"
2017-06-29,"1,139.70"
2017-06-30,"1,147"
2017-07-03,"1,143.50"
2017-07-04,"1,149"
2017-07-05,"1,152"
2017-07-06,"1,152"
2017-07-07,"1,156.50"
2017-07-10,"1,153"
2017-07-11,"1,149"
2017-07-12,"1,148.70"
2017-07-13,"1,137.50"
2017-07-14,"1,137.20"
2017-07-17,"1,129.50"
2017-07-18,"1,129.80"
2017-07-19,"1,124"
2017-07-20,"1,124"
2017-07-21,"1,121.50"
2017-07-24,"1,118.50"
2017-07-25,"1,115.50"
2017-07-26,"1,121"
2017-07-27,"1,112"
2017-07-28,"1,117"
2017-07-31,"1,124.40"
2017-08-01,"1,119.40"
2017-08-02,"1,122"
2017-08-03,"1,123"
2017-08-04,"1,129"
2017-08-07,"1,128.20"
2017-08-08,"1,126.80"
2017-08-09,"1,130"
2017-08-10,"1,138.50"
2017-08-11,"1,145.20"
2017-08-14,"1,139.50"
2017-08-16,"1,135.50"
2017-08-17,"1,135.50"
2017-08-18,"1,142"
2017-08-21,"1,138.40"
2017-08-22,"1,138.30"
2017-08-23,"1,132"
2017-08-24,"1,127"
2017-08-25,"1,128"
2017-08-28,"1,122"
2017-08-29,"1,125.40"
2017-08-30,"1,124"
2017-08-31,"1,124.50"
2017-09-01,"1,123"
2017-09-04,"1,129"
2017-09-05,"1,131"
2017-09-06,"1,132.10"
2017-09-07,"1,130"
2017-09-08,"1,126.50"
2017-09-11,"1,129"
2017-09-12,"1,129.50"
2017-09-13,"1,128.30"
2017-09-14,"1,132.50"
2017-09-15,"1,136.50"
2017-09-18,"1,132.50"
2017-09-19,"1,128.40"
2017-09-20,"1,130.20"
2017-09-21,"1,133"
2017-09-22,"1,133"
2017-09-25,"1,133"
2017-09-26,"1,134.70"
2017-09-27,"1,138"
2017-09-28,"1,144"
2017-09-29,"1,145.30"
2017-10-10,"1,142.50"
2017-10-11,"1,134"
2017-10-12,"1,131.90"
2017-10-13,"1,132"
2017-10-16,"1,126"
2017-10-17,"1,129.60"
2017-10-18,"1,131"
2017-10-19,"1,132"
2017-10-20,"1,128.50"
2017-10-23,"1,134.50"
2017-10-24,"1,130.80"
2017-10-25,"1,130"
2017-10-26,"1,125"
2017-10-27,"1,128.50"
2017-10-30,"1,126"
2017-10-31,"1,124"
2017-11-01,"1,118"
2017-11-02,"1,112.50"
2017-11-03,"1,112"
2017-11-06,"1,116.50"
2017-11-07,"1,112.50"
2017-11-08,"1,114"
2017-11-09,"1,113.50"
2017-11-10,"1,119"
2017-11-13,"1,119.50"
2017-11-14,"1,119.50"
2017-11-15,"1,115"
2017-11-16,"1,106.50"
2017-11-17,"1,097"
2017-11-20,"1,098"
2017-11-21,"1,097"
2017-11-22,"1,091"
2017-11-23,"1,086"
2017-11-24,"1,085"
2017-11-27,"1,085"
2017-11-28,"1,090.50"
2017-11-29,"1,084"
2017-11-30,"1,081.50"
2017-12-01,"1,088"
2017-12-04,"1,086"
2017-12-05,"1,085.80"
2017-12-06,"1,087.50"
2017-12-07,"1,095"
2017-12-08,"1,094.10"
2017-12-11,"1,091.60"
2017-12-12,"1,088.70"
2017-12-13,"1,093"
2017-12-14,"1,083.50"
2017-12-15,"1,088.50"
2017-12-18,"1,089.50"
2017-12-19,"1,086"
2017-12-20,"1,086"
2017-12-21,"1,080.50"
2017-12-22,"1,080"
2017-12-26,"1,078"
2017-12-27,"1,075.50"
2017-12-28,"1,076"
2017-12-29,
2018-01-02,"1,066"
2018-01-03,"1,063.40"
2018-01-04,"1,065"
2018-01-05,"1,062"
2018-01-08,"1,062"
2018-01-09,"1,068.50"
2018-01-10,"1,073"
2018-01-11,"1,070.50"
2018-01-12,"1,065.20"
2018-01-15,"1,061"
2018-01-16,"1,063"
2018-01-17,"1,064.30"
2018-01-18,"1,069"
2018-01-19,"1,070"
2018-01-22,"1,067"
2018-01-23,"1,068"
2018-01-24,"1,073"
2018-01-25,"1,065"
2018-01-26,"1,065.50"
2018-01-29,"1,064"
2018-01-30,"1,071"
2018-01-31,"1,074"
2018-02-01,"1,068.50"
2018-02-02,"1,071"
2018-02-05,"1,090"
2018-02-06,"1,096.60"
2018-02-07,"1,082"
2018-02-08,"1,090"
2018-02-09,"1,098"
2018-02-12,"1,084.50"
2018-02-13,"1,081.80"
2018-02-14,"1,084"
2018-02-19,"1,068"
2018-02-20,"1,068.60"
2018-02-21,"1,074.50"
2018-02-22,"1,077"
2018-02-23,"1,081.50"
2018-02-26,"1,075"
2018-02-27,"1,071"
2018-02-28,"1,080.50"
2018-03-02,"1,082.50"
2018-03-05,"1,078.10"
2018-03-06,"1,077"
2018-03-07,"1,065"
2018-03-08,"1,066.50"
2018-03-09,"1,070"
2018-03-12,"1,065.50"
2018-03-13,"1,064.70"
2018-03-14,"1,067"
2018-03-15,"1,064"
2018-03-16,"1,069.50"
2018-03-19,"1,070"
2018-03-20,"1,072.50"
2018-03-21,"1,071"
2018-03-22,"1,065"
2018-03-23,"1,081"
2018-03-26,"1,082"
2018-03-27,"1,074"
2018-03-28,"1,073.50"
2018-03-29,"1,066"
2018-03-30,"1,063"
2018-04-02,"1,061"
2018-04-03,"1,057.50"
2018-04-04,"1,054.50"
2018-04-05,"1,057.50"
2018-04-06,"1,063.80"
2018-04-09,"1,070"
2018-04-10,"1,070"
2018-04-11,"1,064.70"
2018-04-12,"1,066.50"
2018-04-13,"1,070"
2018-04-16,"1,071"
2018-04-17,"1,070.50"
2018-04-18,"1,065"
2018-04-19,"1,065.50"
2018-04-20,"1,066.80"
2018-04-23,"1,071"
2018-04-24,"1,079"
2018-04-25,"1,076.50"
2018-04-26,"1,082"
2018-04-27,"1,075"
2018-04-30,"1,068"
2018-05-02,"1,073"
2018-05-03,"1,078.80"
2018-05-04,"1,075"
2018-05-08,"1,079"
2018-05-09,"1,079"
2018-05-10,"1,080"
2018-05-11,"1,066.90"
2018-05-14,"1,068.50"
2018-05-15,"1,071"
2018-05-16,"1,080"
2018-05-17,"1,078.10"
2018-05-18,"1,082"
2018-05-21,"1,080.40"
2018-05-23,"1,077"
2018-05-24,"1,077"
2018-05-25,"1,082"
2018-05-28,"1,074.50"
2018-05-29,"1,074.50"
2018-05-30,"1,083"
2018-05-31,"1,077"
2018-06-01,"1,079.50"
2018-06-04,"1,071.50"
2018-06-05,"1,070.50"
2018-06-07,"1,067"
2018-06-08,"1,071.50"
2018-06-11,"1,073.50"
2018-06-12,"1,075"
2018-06-14,"1,084"
2018-06-15,"1,088"
2018-06-18,"1,101"
2018-06-19,"1,104.40"
2018-06-20,"1,110"
2018-06-21,"1,108.50"
2018-06-22,"1,110"
2018-06-25,"1,112.50"
2018-06-26,"1,116"
2018-06-27,"1,118.50"
2018-06-28,"1,122.50"
2018-06-29,"1,121.50"
2018-07-02,"1,114.20"
2018-07-03,"1,118"
2018-07-04,"1,115.50"
2018-07-05,"1,116"
2018-07-06,"1,120.50"
2018-07-09,"1,114.50"
2018-07-10,"1,112"
2018-07-11,"1,120"
2018-07-12,"1,127.10"
2018-07-13,"1,124"
2018-07-16,"1,130"
2018-07-17,"1,128"
2018-07-18,"1,128.20"
2018-07-19,"1,131"
2018-07-20,"1,134.40"
2018-07-23,"1,127"
2018-07-24,"1,134.10"
2018-07-25,"1,127.50"
2018-07-26,"1,117"
2018-07-27,"1,123.50"
2018-07-30,"1,115.50"
2018-07-31,"1,117"
2018-08-01,"1,114.50"
2018-08-02,"1,119"
2018-08-03,"1,129"
2018-08-06,"1,125"
2018-08-07,"1,125.90"
2018-08-08,"1,117.60"
2018-08-09,"1,118.50"
2018-08-10,"1,124"
2018-08-13,"1,132"
2018-08-14,"1,136"
2018-08-16,"1,135"
2018-08-17,"1,127.50"
2018-08-20,"1,120"
2018-08-21,"1,119"
2018-08-22,"1,117"
2018-08-23,"1,118"
2018-08-24,"1,125"
2018-08-27,"1,113"
2018-08-28,"1,109.50"
2018-08-29,"1,108"
2018-08-30,"1,109.50"
2018-08-31,"1,114.50"
2018-09-03,"1,116"
2018-09-04,"1,112"
2018-09-05,"1,118"
2018-09-06,"1,119"
2018-09-07,"1,123"
2018-09-10,"1,128"
2018-09-11,"1,130"
2018-09-12,"1,124.50"
2018-09-13,"1,121"
2018-09-14,"1,120"
2018-09-17,"1,122"
2018-09-18,"1,129"
2018-09-19,"1,122"
2018-09-20,"1,120"
2018-09-21,"1,117.50"
2018-09-27,"1,115.40"
2018-09-28,"1,114.50"
2018-10-01,"1,110"
2018-10-02,"1,113"
2018-10-04,"1,125.80"
2018-10-05,"1,133"
2018-10-08,"1,133"
2018-10-10,"1,130.30"
2018-10-11,"1,142.30"
2018-10-12,"1,136.50"
2018-10-15,"1,131"
2018-10-16,"1,131.50"
2018-10-17,"1,123.30"
2018-10-18,"1,128.90"
2018-10-19,"1,139"
2018-10-22,"1,132.60"
2018-10-23,"1,133.70"
2018-10-24,"1,135"
2018-10-25,"1,139"
2018-10-26,"1,136"
2018-10-29,"1,140.50"
2018-10-30,"1,144"
2018-10-31,"1,139"
2018-11-01,"1,140.50"
2018-11-02,"1,125"
2018-11-05,"1,119.50"
2018-11-06,"1,121"
2018-11-07,"1,121.50"
2018-11-08,"1,117.60"
2018-11-09,"1,121"
2018-11-12,"1,130.50"
2018-11-13,"1,139.50"
2018-11-14,"1,130.90"
2018-11-15,"1,132"
2018-11-16,"1,128.50"
2018-11-19,"1,122"
2018-11-20,"1,128.50"
2018-11-21,"1,130.30"
2018-11-22,"1,129"
2018-11-23,"1,129.70"
2018-11-26,"1,131.30"
2018-11-27,"1,130.50"
2018-11-28,"1,131"
2018-11-29,"1,123"
2018-11-30,"1,118.70"
2018-12-03,"1,117.50"
2018-12-04,"1,109.50"
2018-12-05,"1,111.50"
2018-12-06,"1,114"
2018-12-07,"1,118"
2018-12-10,"1,125.20"
2018-12-11,"1,128"
2018-12-12,"1,128.10"
2018-12-13,"1,125"
2018-12-14,"1,126.50"
2018-12-17,"1,132.70"
2018-12-18,"1,132"
2018-12-19,"1,127.50"
2018-12-20,"1,130"
2018-12-21,"1,123"
2018-12-24,"1,128"
2018-12-26,"1,127.50"
2018-12-27,"1,123"
2018-12-28,"1,120"
2018-12-31,
2019-01-02,"1,115"
2019-01-03,"1,125"
2019-01-04,"1,126.20"
2019-01-07,"1,117.80"
2019-01-08,"1,117.90"
2019-01-09,"1,122"
2019-01-10,"1,119"
2019-01-11,"1,118.50"
2019-01-14,"1,119.80"
2019-01-15,"1,122.30"
2019-01-16,"1,122"
2019-01-17,"1,120.50"
2019-01-18,"1,121.60"
2019-01-21,"1,124.50"
2019-01-22,"1,130"
2019-01-23,"1,130.50"
2019-01-24,"1,126"
2019-01-25,"1,127"
2019-01-28,"1,118"
2019-01-29,"1,119.50"
2019-01-30,"1,116.50"
2019-01-31,"1,112"
2019-02-01,"1,112.20"
2019-02-07,"1,120"
2019-02-08,"1,126"
2019-02-11,"1,123.10"
2019-02-12,"1,126"
2019-02-13,"1,121.50"
2019-02-14,"1,125"
2019-02-15,"1,126.60"
2019-02-18,"1,126"
2019-02-19,"1,126"
2019-02-20,"1,123"
2019-02-21,"1,122.50"
2019-02-22,"1,126.40"
2019-02-25,"1,122.80"
2019-02-26,"1,117.10"
2019-02-27,"1,115.50"
2019-02-28,"1,118.60"
2019-03-04,"1,126"
2019-03-05,"1,126.40"
2019-03-06,"1,125.50"
2019-03-07,"1,128.50"
2019-03-08,"1,134"
2019-03-11,"1,134"
2019-03-12,"1,131.30"
2019-03-13,"1,129"
2019-03-14,"1,131.10"
2019-03-15,"1,136.10"
2019-03-18,"1,136"
2019-03-19,"1,131.50"
2019-03-20,"1,131"
2019-03-21,"1,125.80"
2019-03-22,"1,129"
2019-03-25,"1,135.50"
2019-03-26,"1,132.10"
2019-03-27,"1,134.50"
2019-03-28,"1,139"
2019-03-29,"1,137.10"
2019-04-01,"1,134.80"
2019-04-02,"1,133.30"
2019-04-03,"1,137.50"
2019-04-04,"1,135"
2019-04-05,"1,137"
2019-04-08,"1,137.10"
2019-04-09,"1,142.50"
2019-04-10,"1,141.10"
2019-04-11,"1,137.50"
2019-04-12,"1,141.50"
2019-04-15,"1,135"
2019-04-16,"1,135.80"
2019-04-17,"1,137.20"
2019-04-18,"1,133.50"
2019-04-19,"1,137.40"
2019-04-22,"1,136.30"
2019-04-23,"1,141"
2019-04-24,"1,143"
2019-04-25,"1,158"
2019-04-26,"1,160"
2019-04-29,"1,157.50"
2019-04-30,"1,159"
2019-05-02,"1,165"
2019-05-03,"1,168"
2019-05-07,"1,169.80"
2019-05-08,"1,172.10"
2019-05-09,"1,172"
2019-05-10,"1,178"
2019-05-13,"1,180"
2019-05-14,"1,190"
2019-05-15,"1,188.50"
2019-05-16,"1,187"
2019-05-17,"1,192.20"
2019-05-20,"1,193.50"
2019-05-21,"1,193"
2019-05-22,"1,192.50"
2019-05-23,"1,192"
2019-05-24,"1,189"
2019-05-27,"1,186"
2019-05-28,"1,185"
2019-05-29,"1,188"
2019-05-30,"1,194"
2019-05-31,"1,191.60"
2019-06-03,"1,190"
2019-06-04,"1,179.10"
2019-06-05,"1,179"
2019-06-07,"1,179.50"
2019-06-10,"1,181.50"
2019-06-11,"1,184.50"
2019-06-12,"1,179.20"
2019-06-13,"1,184.20"
2019-06-14,"1,183.20"
2019-06-17,"1,186.40"
2019-06-18,"1,186.50"
2019-06-19,"1,176"
2019-06-20,"1,172.90"
2019-06-21,"1,160"
2019-06-24,"1,159"
2019-06-25,"1,155"
2019-06-26,"1,157"
2019-06-27,"1,154.50"
2019-06-28,"1,157.30"
2019-07-01,"1,150.50"
2019-07-02,"1,162.10"
2019-07-03,"1,167.70"
2019-07-04,"1,169.50"
2019-07-05,"1,168.50"
2019-07-08,"1,176"
2019-07-09,"1,181"
2019-07-10,"1,182.20"
2019-07-11,"1,176.80"
2019-07-12,"1,174.80"
2019-07-15,"1,178.70"
2019-07-16,"1,181.50"
2019-07-17,"1,180"
2019-07-18,"1,181"
2019-07-19,"1,174"
2019-07-22,"1,177.50"
2019-07-23,"1,177"
2019-07-24,"1,180.50"
2019-07-25,"1,178"
2019-07-26,"1,183.50"
2019-07-29,"1,184.80"
2019-07-30,"1,184"
2019-07-31,"1,181.50"
2019-08-01,"1,188"
2019-08-02,"1,196"
2019-08-05,"1,203.60"
2019-08-06,"1,220"
2019-08-07,"1,213"
2019-08-08,"1,214"
2019-08-09,"1,207.60"
2019-08-12,"1,214"
2019-08-13,"1,219.50"
2019-08-14,"1,207"
2019-08-16,"1,214"
2019-08-19,"1,208.50"
2019-08-20,"1,213"
2019-08-21,"1,208.30"
2019-08-22,"1,203.50"
2019-08-23,"1,212"
2019-08-26,"1,218.50"
2019-08-27,"1,214.80"
2019-08-28,"1,213.50"
2019-08-29,"1,213.50"
2019-08-30,"1,210"
2019-09-02,"1,212"
2019-09-03,"1,214"
2019-09-04,"1,212"
2019-09-05,"1,204.50"
2019-09-06,"1,198"
2019-09-09,"1,193.10"
2019-09-10,"1,192.30"
2019-09-11,"1,191.90"
2019-09-16,"1,182.30"
2019-09-17,"1,184.10"
2019-09-18,"1,188"
2019-09-19,"1,192.50"
2019-09-20,"1,195.10"
2019-09-23,"1,193.30"
2019-09-24,"1,194.80"
2019-09-25,"1,196.30"
2019-09-26,"1,201"
2019-09-27,"1,199.10"
2019-09-30,"1,202.20"
2019-10-01,"1,199"
2019-10-02,"1,203.50"
2019-10-04,"1,202.50"
2019-10-07,"1,193.50"
2019-10-08,"1,197.50"
2019-10-10,"1,198.60"
2019-10-11,"1,191"
2019-10-14,"1,182.50"
2019-10-15,"1,182"
2019-10-16,"1,185.10"
2019-10-17,"1,187"
2019-10-18,"1,179.50"
2019-10-21,"1,181"
2019-10-22,"1,171.70"
2019-10-23,"1,172"
2019-10-24,"1,171"
2019-10-25,"1,174"
2019-10-28,"1,171.80"
2019-10-29,"1,168"
2019-10-30,"1,167"
2019-10-31,"1,165"
2019-11-01,"1,170"
2019-11-04,"1,165"
2019-11-05,"1,160"
2019-11-06,"1,157"
2019-11-07,"1,161.50"
2019-11-08,"1,155.50"
2019-11-11,"1,158.90"
2019-11-12,"1,165.10"
2019-11-13,"1,167"
2019-11-14,"1,171.50"
2019-11-15,"1,169.10"
2019-11-18,"1,164.50"
2019-11-19,"1,167.40"
2019-11-20,"1,169.40"
2019-11-21,"1,172.50"
2019-11-22,"1,177.50"
2019-11-25,"1,179"
2019-11-26,"1,172.60"
2019-11-27,"1,173.70"
2019-11-28,"1,179.50"
2019-11-29,"1,179.10"
2019-12-02,"1,181"
2019-12-03,"1,185.50"
2019-12-04,"1,190.50"
2019-12-05,"1,192.50"
2019-12-06,"1,188.50"
2019-12-09,"1,188"
2019-12-10,"1,191.50"
2019-12-11,"1,190.70"
2019-12-12,"1,189"
2019-12-13,"1,172"
2019-12-16,"1,177"
2019-12-17,"1,169"
2019-12-18,"1,163"
2019-12-19,"1,166"
2019-12-20,"1,163.30"
2019-12-23,"1,159.70"
2019-12-24,"1,164"
2019-12-26,"1,161.50"
2019-12-27,"1,162.30"
2019-12-30,"1,160"
2019-12-31,
2020-01-02,"1,153.80"
2020-01-03,"1,158.50"
2020-01-06,"1,168.10"
2020-01-07,"1,168.50"
2020-01-08,"1,170.30"
2020-01-09,"1,162"
2020-01-10,"1,159.20"
2020-01-13,"1,158.50"
2020-01-14,"1,153.70"
2020-01-15,"1,160"
2020-01-16,"1,159.50"
2020-01-17,"1,160"
2020-01-20,"1,161.50"
2020-01-21,"1,159.90"
2020-01-22,"1,169.30"
2020-01-23,"1,167"
2020-01-28,"1,178.50"
2020-01-29,"1,177.70"
2020-01-30,"1,179"
2020-01-31,"1,188.80"
2020-02-03,"1,197"
2020-02-04,"1,191.60"
2020-02-05,"1,184"
2020-02-06,"1,184"
2020-02-07,"1,185"
2020-02-10,"1,193"
2020-02-11,"1,187"
2020-02-12,"1,182"
2020-02-13,"1,182"
2020-02-14,"1,184"
2020-02-17,"1,183"
2020-02-18,"1,184.50"
2020-02-19,"1,190"
2020-02-20,"1,193"
2020-02-21,"1,205.70"
2020-02-24,"1,215.50"
2020-02-25,"1,220.50"
2020-02-26,"1,216.50"
2020-02-27,"1,215"
2020-02-28,"1,215"
2020-03-02,"1,205"
2020-03-03,"1,191.50"
2020-03-04,"1,187"
2020-03-05,"1,187"
2020-03-06,"1,190.50"
2020-03-09,"1,192.90"
2020-03-10,"1,203"
2020-03-11,"1,188"
2020-03-12,"1,190.70"
2020-03-13,"1,215"
2020-03-16,"1,211"
2020-03-17,"1,231"
2020-03-18,"1,243"
2020-03-19,"1,257"
2020-03-20,"1,253.70"
2020-03-23,"1,265"
2020-03-24,"1,265"
2020-03-25,"1,235.70"
2020-03-26,"1,226"
2020-03-27,"1,214"
2020-03-30,"1,216"
2020-03-31,"1,223"
2020-04-01,"1,219.80"
2020-04-02,"1,236"
2020-04-03,"1,228"
2020-04-06,"1,237"
2020-04-07,"1,222"
2020-04-08,"1,216"
2020-04-09,"1,214.50"
2020-04-10,"1,211.10"
2020-04-13,"1,214"
2020-04-14,"1,215.10"
2020-04-16,"1,224.90"
2020-04-17,"1,227"
2020-04-20,"1,217"
2020-04-21,"1,222"
2020-04-22,"1,235"
2020-04-23,"1,235"
2020-04-24,"1,233.50"
2020-04-27,"1,232.50"
2020-04-28,"1,222"
2020-04-29,"1,223"
2020-05-04,"1,226.10"
2020-05-06,"1,222.50"
2020-05-07,"1,229"
2020-05-08,"1,220"
2020-05-11,"1,219"
2020-05-12,"1,224"
2020-05-13,"1,228"
2020-05-14,"1,228"
2020-05-15,"1,227.10"
2020-05-18,"1,232.30"
2020-05-19,"1,224.50"
2020-05-20,"1,226"
2020-05-21,"1,226.90"
2020-05-22,"1,234"
2020-05-25,"1,240.50"
2020-05-26,"1,242"
2020-05-27,"1,230.50"
2020-05-28,"1,238"
2020-05-29,"1,238.50"
2020-06-01,"1,230.30"
2020-06-02,"1,224"
2020-06-03,"1,218"
2020-06-04,"1,215.50"
2020-06-05,"1,217"
2020-06-08,"1,202"
2020-06-09,"1,197"
2020-06-10,"1,199"
2020-06-11,"1,192.20"
2020-06-12,"1,207.20"
2020-06-15,"1,206"
2020-06-16,"1,207"
2020-06-17,"1,212"
2020-06-18,"1,216.20"
2020-06-19,"1,212.50"
2020-06-22,"1,213.40"
2020-06-23,"1,208.80"
2020-06-24,"1,206"
2020-06-25,"1,207"
2020-06-26,"1,200"
2020-06-29,"1,205"
2020-06-30,"1,198.50"
2020-07-01,"1,199"
2020-07-02,"1,201.70"
2020-07-03,"1,199.50"
2020-07-06,"1,199"
2020-07-07,"1,191"
2020-07-08,"1,196"
2020-07-09,"1,192.50"
2020-07-10,"1,197"
2020-07-13,"1,200.80"
2020-07-14,"1,204.60"
2020-07-15,"1,203"
2020-07-16,"1,200.50"
2020-07-17,"1,205"
2020-07-20,"1,203.50"
2020-07-21,"1,200"
2020-07-22,"1,193"
2020-07-23,"1,197.70"
2020-07-24,"1,202.50"
2020-07-27,"1,201.20"
2020-07-28,"1,193.80"
2020-07-29,"1,197.10"
2020-07-30,"1,190"
2020-07-31,"1,188.50"
2020-08-03,"1,194.20"
2020-08-04,"1,192.20"
2020-08-05,"1,192"
2020-08-06,"1,185.40"
2020-08-07,"1,185"
2020-08-10,"1,189"
2020-08-11,"1,187"
2020-08-12,"1,186"
2020-08-13,"1,183"
2020-08-14,"1,184.50"
2020-08-18,"1,183.60"
2020-08-19,"1,182.50"
2020-08-20,"1,184"
2020-08-21,"1,184.50"
2020-08-24,"1,191.50"
2020-08-25,"1,189"
2020-08-26,"1,186.60"
2020-08-27,"1,185.10"
2020-08-28,"1,186.30"
2020-08-31,"1,180.80"
2020-09-01,"1,186.10"
2020-09-02,"1,185"
2020-09-03,"1,188.80"
2020-09-04,"1,192"
2020-09-07,"1,186"
2020-09-08,"1,187"
2020-09-09,"1,190.60"
2020-09-10,"1,183"
2020-09-11,"1,188"
2020-09-14,"1,187"
2020-09-15,"1,181.90"
2020-09-16,"1,180.50"
2020-09-17,"1,173.50"
2020-09-18,"1,169.50"
2020-09-21,"1,164"
2020-09-22,"1,163.90"
2020-09-23,"1,162.90"
2020-09-24,"1,171"
2020-09-25,"1,169.50"
2020-09-28,"1,173.30"
2020-09-29,"1,167.50"
2020-10-05,"1,166.50"
2020-10-06,"1,158"
2020-10-07,"1,164.50"
2020-10-08,"1,157"
2020-10-12,"1,150"
2020-10-13,"1,148.30"
2020-10-14,"1,149.50"
2020-10-15,"1,147"
2020-10-16,"1,145.50"
2020-10-19,"1,144"
2020-10-20,"1,140.50"
2020-10-21,"1,138.30"
2020-10-22,"1,133.50"
2020-10-23,"1,135"
2020-10-26,"1,130"
2020-10-27,"1,132"
2020-10-28,"1,129.50"
2020-10-29,"1,134.50"
2020-10-30,"1,131.10"
2020-11-02,"1,137"
2020-11-03,"1,133"
2020-11-04,"1,128.30"
2020-11-05,"1,130"
2020-11-06,"1,124"
2020-11-09,"1,120"
2020-11-10,"1,118.50"
2020-11-11,"1,116.50"
2020-11-12,"1,112"
2020-11-13,"1,115.50"
2020-11-16,"1,107.70"
2020-11-17,"1,107"
2020-11-18,"1,106"
2020-11-19,"1,107"
2020-11-20,"1,115"
2020-11-23,"1,115.50"
2020-11-24,"1,114"
2020-11-25,"1,108.80"
2020-11-26,"1,106.70"
2020-11-27,"1,105.80"
2020-11-30,"1,104.20"
2020-12-01,"1,108.10"
2020-12-02,"1,105.20"
2020-12-03,"1,100.10"
2020-12-04,"1,092.50"
2020-12-07,"1,083"
2020-12-08,"1,084"
2020-12-09,"1,085"
2020-12-10,"1,087.50"
2020-12-11,"1,087"
2020-12-14,"1,091.50"
2020-12-15,"1,092.70"
2020-12-16,"1,089.50"
2020-12-17,"1,094"
2020-12-18,"1,093.50"
2020-12-21,"1,100"
2020-12-22,"1,104.70"
2020-12-23,"1,109"
2020-12-24,"1,106"
2020-12-28,"1,102.60"
2020-12-29,"1,097.50"
2020-12-30,"1,091.70"
2020-12-31,
2021-01-04,"1,087.50"
2021-01-05,"1,086"
2021-01-06,"1,087"
2021-01-07,"1,087"
2021-01-08,"1,093.30"
2021-01-11,"1,093.50"
2021-01-12,"1,098"
2021-01-13,"1,094.10"
2021-01-14,"1,098"
2021-01-15,"1,096.50"
2021-01-18,"1,105.50"
2021-01-19,"1,104"
2021-01-20,"1,103.50"
2021-01-21,"1,099"
2021-01-22,"1,100.50"
2021-01-25,"1,105"
2021-01-26,"1,102.50"
2021-01-27,"1,102.40"
2021-01-28,"1,109.40"
2021-01-29,"1,114"
2021-02-01,"1,119.50"
2021-02-02,"1,117"
2021-02-03,"1,115"
2021-02-04,"1,114"
2021-02-05,"1,121"
2021-02-08,"1,118"
2021-02-09,"1,119.10"
2021-02-10,"1,111"
2021-02-15,"1,105"
2021-02-16,"1,102"
2021-02-17,"1,108.70"
2021-02-18,"1,106.30"
2021-02-19,"1,107.30"
2021-02-22,"1,106"
2021-02-23,"1,111.40"
2021-02-24,"1,109.90"
2021-02-25,"1,107"
2021-02-26,"1,120.50"
2021-03-02,"1,117"
2021-03-03,"1,124.70"
2021-03-04,"1,127"
2021-03-05,"1,132"
2021-03-08,"1,128"
2021-03-09,"1,141.50"
2021-03-10,"1,136.50"
2021-03-11,"1,138"
2021-03-12,"1,131"
2021-03-15,"1,136.50"
2021-03-16,"1,132.80"
2021-03-17,"1,130"
2021-03-18,"1,122.50"
2021-03-19,"1,128.70"
2021-03-22,"1,131"
2021-03-23,"1,126.30"
2021-03-24,"1,133.60"
2021-03-25,"1,136"
2021-03-26,"1,135"
2021-03-29,"1,130.10"
2021-03-30,"1,132.50"
2021-03-31,"1,133.80"
2021-04-01,"1,128"
2021-04-02,"1,128.50"
2021-04-05,"1,128"
2021-04-06,"1,124.50"
2021-04-07,"1,118"
2021-04-08,"1,119"
2021-04-09,"1,116.50"
2021-04-12,"1,120.80"
2021-04-13,"1,125.30"
2021-04-14,"1,121.50"
2021-04-15,"1,116.50"
2021-04-16,"1,117.50"
2021-04-19,"1,117"
2021-04-20,"1,115.60"
2021-04-21,"1,117"
2021-04-22,"1,116.50"
2021-04-23,"1,120.30"
2021-04-26,"1,116"
2021-04-27,"1,110.50"
2021-04-28,"1,113"
2021-04-29,"1,109"
2021-04-30,"1,108"
2021-05-03,"1,116.50"
2021-05-04,"1,120.60"
2021-05-06,"1,125.30"
2021-05-07,"1,121"
2021-05-10,"1,113.20"
2021-05-11,"1,116.50"
2021-05-12,"1,120"
2021-05-13,"1,133"
2021-05-14,"1,127.60"
2021-05-17,"1,127"
2021-05-18,"1,136"
2021-05-20,"1,132.50"
2021-05-21,"1,128"
2021-05-24,"1,127"
2021-05-25,"1,123.80"
2021-05-26,"1,122.50"
2021-05-27,"1,117.50"
2021-05-28,"1,118.50"
2021-05-31,"1,114"
2021-06-01,"1,107.30"
2021-06-02,"1,108.50"
2021-06-03,"1,111.50"
2021-06-04,"1,116.50"
2021-06-07,"1,111.20"
2021-06-08,"1,111.30"
2021-06-09,"1,118.50"
2021-06-10,"1,117"
2021-06-11,"1,113"
2021-06-14,"1,116.30"
2021-06-15,"1,117.50"
2021-06-16,"1,118.40"
2021-06-17,"1,132"
2021-06-18,"1,133"
2021-06-21,"1,135.50"
2021-06-22,"1,131.50"
2021-06-23,"1,133"
2021-06-24,"1,136.90"
2021-06-25,"1,132.50"
2021-06-28,"1,128"
2021-06-29,"1,130.50"
2021-06-30,"1,132"
2021-07-01,"1,130"
2021-07-02,"1,134.50"
2021-07-05,"1,131.80"
2021-07-06,"1,131.50"
2021-07-07,"1,137"
2021-07-08,"1,141"
2021-07-09,"1,147.50"
2021-07-12,"1,144.80"
2021-07-13,"1,147.50"
2021-07-14,"1,150.70"
2021-07-15,"1,145"
2021-07-16,"1,142.50"
2021-07-19,"1,143.50"
2021-07-20,"1,152"
2021-07-21,"1,148.70"
2021-07-22,"1,150.50"
2021-07-23,"1,151"
2021-07-26,"1,152.40"
2021-07-27,"1,154.50"
2021-07-28,"1,154.40"
2021-07-29,"1,150.60"
2021-07-30,"1,144.10"
2021-08-02,"1,152"
2021-08-03,"1,151"
2021-08-04,"1,149"
2021-08-05,"1,145"
2021-08-06,"1,143.10"
2021-08-09,"1,146.50"
2021-08-10,"1,147.50"
2021-08-11,"1,153.50"
2021-08-12,"1,154"
2021-08-13,"1,163.50"
2021-08-17,"1,166"
2021-08-18,"1,178.20"
2021-08-19,"1,173"
2021-08-20,"1,176.50"
2021-08-23,"1,176"
2021-08-24,"1,171.30"
2021-08-25,"1,165"
2021-08-26,"1,165"
2021-08-27,"1,171"
2021-08-30,"1,162.70"
2021-08-31,"1,166"
2021-09-01,"1,159"
2021-09-02,"1,156.50"
2021-09-03,"1,158.20"
2021-09-06,"1,155"
2021-09-07,"1,157.10"
2021-09-08,"1,163"
2021-09-09,"1,167.50"
2021-09-10,"1,170.50"
2021-09-13,"1,170.50"
2021-09-14,"1,174"
2021-09-15,"1,172"
2021-09-16,"1,166.50"
2021-09-17,"1,175.50"
2021-09-23,"1,183"
2021-09-24,"1,174.50"
2021-09-27,"1,179"
2021-09-28,"1,179.30"
2021-09-29,"1,188"
2021-09-30,"1,188"
2021-10-01,"1,185"
2021-10-05,"1,185"
2021-10-06,"1,186.40"
2021-10-07,"1,191"
2021-10-08,"1,190"
2021-10-12,"1,196"
2021-10-13,"1,199"
2021-10-14,"1,188.50"
2021-10-15,"1,184.50"
2021-10-18,"1,183"
2021-10-19,"1,187.10"
2021-10-20,"1,176.50"
2021-10-21,"1,175.50"
2021-10-22,"1,179"
2021-10-25,"1,178"
2021-10-26,"1,168"
2021-10-27,"1,168.50"
2021-10-28,"1,173.40"
2021-10-29,"1,168.50"
2021-11-01,"1,173.50"
2021-11-02,"1,177.60"
2021-11-03,"1,178.50"
2021-11-04,"1,178.50"
2021-11-05,"1,185.80"
2021-11-08,"1,182.60"
2021-11-09,"1,181.50"
2021-11-10,"1,179"
2021-11-11,"1,186"
2021-11-12,"1,181"
2021-11-15,"1,181"
2021-11-16,"1,183"
2021-11-17,"1,183"
2021-11-18,"1,182.50"
2021-11-19,"1,183.50"
2021-11-22,"1,190.50"
2021-11-23,"1,190.50"
2021-11-24,"1,190"
2021-11-25,"1,189"
2021-11-26,"1,190.50"
2021-11-29,"1,195.50"
2021-11-30,"1,191.70"
2021-12-01,"1,184.40"
2021-12-02,"1,178.50"
2021-12-03,"1,177.50"
2021-12-06,"1,184"
2021-12-07,"1,181"
2021-12-08,"1,177.20"
2021-12-09,"1,173.50"
2021-12-10,"1,178.40"
2021-12-13,"1,180.50"
2021-12-14,"1,184.50"
2021-12-15,"1,185"
2021-12-16,"1,183.90"
2021-12-17,"1,185.10"
2021-12-20,"1,189"
2021-12-21,"1,189.80"
2021-12-22,"1,191"
2021-12-23,"1,188.50"
2021-12-24,"1,186.20"
2021-12-27,"1,186.90"
2021-12-28,"1,186.50"
2021-12-29,"1,187.50"
2021-12-30,"1,185"
2021-12-31,
2022-01-03,"1,189.50"
2022-01-04,"1,195.50"
2022-01-05,"1,197"
2022-01-06,"1,200.90"
2022-01-07,"1,204.20"
2022-01-10,"1,198.80"
2022-01-11,"1,197.50"
2022-01-12,"1,190.50"
2022-01-13,"1,188.50"
2022-01-14,"1,188"
2022-01-17,"1,190"
2022-01-18,"1,190.50"
2022-01-19,"1,195"
2022-01-20,"1,189.50"
2022-01-21,"1,194"
2022-01-24,"1,193.50"
2022-01-25,"1,196"
2022-01-26,"1,196.90"
2022-01-27,"1,201"
2022-01-28,"1,205"
2022-02-03,"1,202"
2022-02-04,"1,202"
2022-02-07,"1,198.80"
2022-02-08,"1,198"
2022-02-09,"1,197.50"
2022-02-10,"1,194.50"
2022-02-11,"1,201"
2022-02-14,"1,200"
2022-02-15,"1,197"
2022-02-16,"1,196.70"
2022-02-17,"1,197"
2022-02-18,"1,199"
2022-02-21,"1,197.60"
2022-02-22,"1,195.50"
2022-02-23,"1,192.70"
2022-02-24,"1,195.10"
2022-02-25,"1,205"
2022-02-28,"1,204"
2022-03-02,"1,206"
2022-03-03,"1,204.20"
2022-03-04,"1,208"
2022-03-07,"1,219"
2022-03-08,"1,232"
2022-03-10,"1,225"
2022-03-11,"1,228.50"
2022-03-14,"1,237"
2022-03-15,"1,242"
2022-03-16,"1,241.20"
2022-03-17,"1,224.30"
2022-03-18,"1,212"
2022-03-21,"1,212"
2022-03-22,"1,222"
2022-03-23,"1,214.50"
2022-03-24,"1,218.50"
2022-03-25,"1,221"
2022-03-28,"1,224.50"
2022-03-29,"1,223"
2022-03-30,"1,210.50"
2022-03-31,"1,212"
2022-04-01,"1,215.20"
2022-04-04,"1,219.80"
2022-04-05,"1,214.90"
2022-04-06,"1,219"
2022-04-07,"1,219.50"
2022-04-08,"1,223.50"
2022-04-11,"1,230"
2022-04-12,"1,235.30"
2022-04-13,"1,229.50"
2022-04-14,"1,223.10"
2022-04-15,"1,230.50"
2022-04-18,"1,230"
2022-04-19,"1,234.70"
2022-04-20,"1,240"
2022-04-21,"1,234.50"
2022-04-22,"1,242.20"
2022-04-25,"1,243.50"
2022-04-26,"1,249.50"
2022-04-27,"1,261.50"
2022-04-28,"1,265"
2022-04-29,"1,272"
2022-05-02,"1,264"
2022-05-03,"1,267.20"
2022-05-04,"1,262"
2022-05-06,"1,267"
2022-05-09,"1,272"
2022-05-10,"1,276"
2022-05-11,"1,277.70"
2022-05-12,"1,282.50"
2022-05-13,"1,290.80"
2022-05-16,"1,277"
2022-05-17,"1,280"
2022-05-18,"1,267.50"
2022-05-19,"1,276"
2022-05-20,"1,267"
2022-05-23,"1,271.50"
2022-05-24,"1,261"
2022-05-25,"1,261.50"
2022-05-26,"1,265.50"
2022-05-27,"1,261"
2022-05-30,"1,250.10"
2022-05-31,"1,235"
2022-06-02,"1,248.80"
2022-06-03,"1,242.50"
2022-06-07,"1,255"
2022-06-08,"1,255"
2022-06-09,"1,257.10"
2022-06-10,"1,265"
2022-06-13,"1,280"
2022-06-14,"1,291.50"
2022-06-15,"1,289"
2022-06-16,"1,278"
2022-06-17,"1,288"
2022-06-20,"1,291"
2022-06-21,"1,290.50"
2022-06-22,"1,291.50"
2022-06-23,"1,299"
2022-06-24,"1,300"
2022-06-27,"1,290"
2022-06-28,"1,286.50"
2022-06-29,"1,292.40"
2022-06-30,"1,300.50"
2022-07-01,"1,290"
2022-07-04,"1,299.50"
2022-07-05,"1,296"
2022-07-06,"1,308.50"
2022-07-07,"1,305"
2022-07-08,"1,297.50"
2022-07-11,"1,297"
2022-07-12,"1,311"
2022-07-13,"1,307.50"
2022-07-14,"1,306.50"
2022-07-15,"1,318"
2022-07-18,"1,318.30"
2022-07-19,"1,318"
2022-07-20,"1,307"
2022-07-21,"1,313"
2022-07-22,"1,307.30"
2022-07-25,"1,313.50"
2022-07-26,"1,312"
2022-07-27,"1,311"
2022-07-28,"1,306"
2022-07-29,"1,295.50"
2022-08-01,"1,304"
2022-08-02,"1,309"
2022-08-03,"1,315"
2022-08-04,"1,308.20"
2022-08-05,"1,303.50"
2022-08-08,"1,305"
2022-08-09,"1,302"
2022-08-10,"1,308"
2022-08-11,"1,297"
2022-08-12,"1,307"
2022-08-16,"1,312"
2022-08-17,"1,310"
2022-08-18,"1,315"
2022-08-19,"1,326"
2022-08-22,"1,335.50"
2022-08-23,"1,341.80"
2022-08-24,"1,339.50"
2022-08-25,"1,341.50"
2022-08-26,"1,335"
2022-08-29,"1,342.50"
2022-08-30,"1,346"
2022-08-31,"1,350"
2022-09-01,"1,342"
2022-09-02,"1,356"
2022-09-05,"1,365"
2022-09-06,"1,369"
2022-09-07,"1,377"
2022-09-08,"1,375.50"
2022-09-13,"1,375"
2022-09-14,"1,393"
2022-09-15,"1,391"
2022-09-16,"1,399"
2022-09-19,"1,385"
2022-09-20,"1,390"
2022-09-21,"1,389"
2022-09-22,"1,398"
2022-09-23,"1,405"
2022-09-26,"1,419"
2022-09-27,"1,428"
2022-09-28,"1,425.50"
2022-09-29,"1,424.50"
2022-09-30,"1,430.50"
2022-10-04,"1,428"
2022-10-05,"1,417"
2022-10-06,"1,416.50"
2022-10-07,"1,409"
2022-10-11,"1,428"
2022-10-12,"1,430"
2022-10-13,"1,424.50"
2022-10-14,"1,431.50"
2022-10-17,"1,440.90"
2022-10-18,"1,430"
2022-10-19,"1,424"
2022-10-20,"1,435.40"
2022-10-21,"1,432.40"
2022-10-24,"1,430"
2022-10-25,"1,444"
2022-10-26,"1,428.50"
2022-10-27,"1,413.50"
2022-10-28,"1,423"
2022-10-31,"1,423"
2022-11-01,"1,428.50"
2022-11-02,"1,420"
2022-11-03,"1,425.30"
2022-11-04,"1,426"
2022-11-07,"1,411"
2022-11-08,"1,394"
2022-11-09,"1,376"
2022-11-10,"1,370.50"
2022-11-11,"1,347.50"
2022-11-14,"1,316"
2022-11-15,"1,326"
2022-11-16,"1,316"
2022-11-17,"1,336"
2022-11-18,"1,345"
2022-11-21,"1,342"
2022-11-22,"1,361"
2022-11-23,"1,351"
2022-11-24,"1,337.50"
2022-11-25,"1,327"
2022-11-28,"1,336"
2022-11-29,"1,340"
2022-11-30,"1,329"
2022-12-01,"1,301"
2022-12-02,"1,303.50"
2022-12-05,"1,297"
2022-12-06,"1,304.20"
2022-12-07,"1,322"
2022-12-08,"1,316.50"
2022-12-09,"1,318"
2022-12-12,"1,305.80"
2022-12-13,"1,305"
2022-12-14,"1,292"
2022-12-15,"1,298.50"
2022-12-16,"1,319"
2022-12-19,"1,310.50"
2022-12-20,"1,304.50"
2022-12-21,"1,286"
2022-12-22,"1,285"
2022-12-23,"1,285"
2022-12-26,"1,276"
2022-12-27,"1,273"
2022-12-28,"1,271.50"
2022-12-29,"1,270"
2022-12-30,
2023-01-02,"1,261"
2023-01-03,"1,270"
2023-01-04,"1,280.50"
2023-01-05,"1,271"
2023-01-06,"1,274.30"
2023-01-09,"1,255"
2023-01-10,"1,239"
2023-01-11,"1,241.50"
2023-01-12,"1,242"
2023-01-13,"1,238"
2023-01-16,"1,238"
2023-01-17,"1,240"
2023-01-18,"1,239"
2023-01-19,"1,236.20"
2023-01-20,"1,236"
2023-01-25,"1,233"
2023-01-26,"1,232"
2023-01-27,"1,231.50"
2023-01-30,"1,229.90"
2023-01-31,"1,232.50"
2023-02-01,"1,232"
2023-02-02,"1,220"
2023-02-03,"1,225"
2023-02-06,"1,247.50"
2023-02-07,"1,261.50"
2023-02-08,"1,254.50"
2023-02-09,"1,261.50"
2023-02-10,"1,264.50"
2023-02-13,"1,267.90"
2023-02-14,"1,273"
2023-02-15,"1,273"
2023-02-16,"1,283"
2023-02-17,"1,291.90"
2023-02-20,"1,298"
2023-02-21,"1,296.70"
2023-02-22,"1,306.20"
2023-02-23,"1,303.50"
2023-02-24,"1,297.50"
2023-02-27,"1,315"
2023-02-28,"1,318"
2023-03-02,"1,306.50"
2023-03-03,"1,311.50"
2023-03-06,"1,298"
2023-03-07,"1,299"
2023-03-08,"1,317.20"
2023-03-09,"1,317"
2023-03-10,"1,325.50"
2023-03-13,"1,317"
2023-03-14,"1,298.10"
2023-03-15,"1,305"
2023-03-16,"1,314"
2023-03-17,"1,301"
2023-03-20,"1,302"
2023-03-21,"1,305.20"
2023-03-22,"1,304"
2023-03-23,"1,298"
2023-03-24,"1,287.20"
2023-03-27,"1,294.50"
2023-03-28,"1,297"
2023-03-29,"1,296.60"
2023-03-30,"1,310.20"
2023-03-31,"1,296.70"
2023-04-03,"1,306.20"
2023-04-04,"1,309.80"
2023-04-05,"1,313"
2023-04-06,"1,316.50"
2023-04-07,"1,317.90"
2023-04-10,"1,316.50"
2023-04-11,"1,320"
2023-04-12,"1,322.50"
2023-04-13,"1,323"
2023-04-14,"1,303.50"
2023-04-17,"1,305"
2023-04-18,"1,318.50"
2023-04-19,"1,318.40"
2023-04-20,"1,329.50"
2023-04-21,"1,324"
2023-04-24,"1,332.50"
2023-04-25,"1,331.50"
2023-04-26,"1,339.10"
2023-04-27,"1,338"
2023-04-28,"1,339"
2023-05-02,"1,342.20"
2023-05-03,"1,341"
2023-05-04,"1,335"
2023-05-08,"1,320"
2023-05-09,"1,322.40"
2023-05-10,"1,324.60"
2023-05-11,"1,317.40"
2023-05-12,"1,331"
2023-05-15,"1,340.10"
2023-05-16,"1,335"
2023-05-17,"1,342"
2023-05-18,"1,335"
2023-05-19,"1,335.50"
2023-05-22,"1,326"
2023-05-23,"1,314"
2023-05-24,"1,319"
2023-05-25,"1,319"
2023-05-26,"1,329.50"
2023-05-30,"1,323"
2023-05-31,"1,321"
2023-06-01,"1,321"
2023-06-02,"1,313"
2023-06-05,"1,307"
2023-06-07,"1,299"
2023-06-08,"1,307.60"
2023-06-09,"1,297.40"
2023-06-12,"1,290"
2023-06-13,"1,283"
2023-06-14,"1,270"
2023-06-15,"1,274.20"
2023-06-16,"1,271.50"
2023-06-19,"1,278"
2023-06-20,"1,283"
2023-06-21,"1,287.50"
2023-06-22,"1,288.40"
2023-06-23,"1,300.50"
2023-06-26,"1,308"
2023-06-27,"1,307"
2023-06-28,"1,299.60"
2023-06-29,"1,310.50"
2023-06-30,"1,321.90"
2023-07-03,"1,314.70"
2023-07-04,"1,307.50"
2023-07-05,"1,298"
2023-07-06,"1,304.50"
2023-07-07,"1,308"
2023-07-10,"1,299"
2023-07-11,"1,300"
2023-07-12,"1,292"
2023-07-13,"1,275"
2023-07-14,"1,268"
2023-07-17,"1,270"
2023-07-18,"1,266.60"
2023-07-19,"1,267"
2023-07-20,"1,267.50"
2023-07-21,"1,280"
2023-07-24,"1,288"
2023-07-25,"1,281"
2023-07-26,"1,278"
2023-07-27,"1,271.10"
2023-07-28,"1,285"
2023-07-31,"1,277"
2023-08-01,"1,276.20"
2023-08-02,"1,287.50"
2023-08-03,"1,299"
2023-08-04,"1,297.50"
2023-08-07,"1,306.60"
2023-08-08,"1,306.50"
2023-08-09,"1,317.50"
2023-08-10,"1,315.70"
2023-08-11,"1,319"
2023-08-14,"1,331"
2023-08-16,"1,340"
2023-08-17,"1,342.50"
2023-08-18,"1,340"
2023-08-21,"1,340"
2023-08-22,"1,340"
2023-08-23,"1,340.90"
2023-08-24,"1,329"
2023-08-25,"1,328.50"
2023-08-28,"1,324"
2023-08-29,"1,323"
2023-08-30,"1,319"
2023-08-31,"1,322"
2023-09-01,"1,325"
2023-09-04,"1,320.50"
2023-09-05,"1,319.50"
2023-09-06,"1,332.50"
2023-09-07,"1,332.60"
2023-09-08,"1,332.50"
2023-09-11,"1,334.30"
2023-09-12,"1,325.60"
2023-09-13,"1,327"
2023-09-14,"1,328"
2023-09-15,"1,330.20"
2023-09-18,"1,328.60"
2023-09-19,"1,324"
2023-09-20,"1,328.20"
2023-09-21,"1,332.50"
2023-09-22,"1,341"
2023-09-25,"1,335.50"
2023-09-26,"1,339.80"
2023-09-27,"1,355"
2023-10-04,"1,360"
2023-10-05,"1,353"
2023-10-06,"1,345.60"
2023-10-10,"1,348.40"
2023-10-11,"1,344"
2023-10-12,"1,340"
2023-10-13,"1,349"
2023-10-16,"1,352.50"
2023-10-17,"1,348.50"
2023-10-18,"1,355"
2023-10-19,"1,356"
2023-10-20,"1,357"
2023-10-23,"1,350.50"
2023-10-24,"1,345"
2023-10-25,"1,344"
2023-10-26,"1,353.40"
2023-10-27,"1,353.70"
2023-10-30,"1,356.70"
2023-10-31,"1,347.90"
2023-11-01,"1,353"
2023-11-02,"1,348.50"
2023-11-03,"1,335"
2023-11-06,"1,308"
2023-11-07,"1,300"
2023-11-08,"1,306"
2023-11-09,"1,309"
2023-11-10,"1,318.40"
2023-11-13,"1,318"
2023-11-14,"1,320"
2023-11-15,"1,307"
2023-11-16,"1,306"
2023-11-17,"1,293"
2023-11-20,"1,296"
2023-11-21,"1,288"
2023-11-22,"1,295.20"
2023-11-23,"1,302.40"
2023-11-24,"1,301"
2023-11-27,"1,303.90"
2023-11-28,"1,297.80"
2023-11-29,"1,288"
2023-11-30,"1,290.50"
2023-12-01,"1,300"
2023-12-04,"1,296.40"
2023-12-05,"1,309.60"
2023-12-06,"1,314"
2023-12-07,"1,316"
2023-12-08,"1,316"
2023-12-11,"1,316"
2023-12-12,"1,316"
2023-12-13,"1,311.90"
2023-12-14,"1,296"
2023-12-15,"1,291"
2023-12-18,"1,303"
2023-12-19,"1,302.50"
2023-12-20,"1,302"
2023-12-21,"1,303"
2023-12-22,"1,298.30"
2023-12-26,"1,299"
2023-12-27,"1,295.80"
2023-12-28,"1,294"
2023-12-29,
2024-01-02,"1,293"
2024-01-03,"1,311"
2024-01-04,"1,310.50"
2024-01-05,"1,313"
2024-01-08,"1,314"
2024-01-09,"1,312"
2024-01-10,"1,319.70"
2024-01-11,"1,319"
2024-01-12,"1,313"
2024-01-15,"1,313.50"
2024-01-16,"1,321"
2024-01-17,"1,338"
2024-01-18,"1,345"
2024-01-19,"1,338"
2024-01-22,"1,333.20"
2024-01-23,"1,339.80"
2024-01-24,"1,337.80"
2024-01-25,"1,334"
2024-01-26,"1,337.80"
2024-01-29,"1,338.50"
2024-01-30,"1,334.50"
2024-01-31,"1,331"
2024-02-01,"1,335"
2024-02-02,"1,328.90"
2024-02-05,"1,337"
2024-02-06,"1,334.40"
2024-02-07,"1,326"
2024-02-08,"1,327.40"
2024-02-13,"1,329.80"
2024-02-14,"1,340"
2024-02-15,"1,332"
2024-02-16,"1,329"
2024-02-19,"1,333.50"
2024-02-20,"1,336.10"
2024-02-21,"1,334"
2024-02-22,"1,333"
2024-02-23,"1,327.70"
2024-02-26,"1,330"
2024-02-27,"1,332"
2024-02-28,"1,332"
2024-02-29,"1,336.80"
2024-03-04,"1,331.50"
2024-03-05,"1,332.20"
2024-03-06,"1,335.70"
2024-03-07,"1,330.80"
2024-03-08,"1,325"
2024-03-11,"1,317"
2024-03-12,"1,311"
2024-03-13,"1,312.40"
2024-03-14,"1,314.20"
2024-03-15,"1,324.20"
2024-03-18,"1,331"
2024-03-19,"1,337"
2024-03-20,"1,338.50"
2024-03-21,"1,329.50"
2024-03-22,"1,333"
2024-03-25,"1,343.80"
2024-03-26,"1,339.50"
2024-03-27,"1,343.80"
2024-03-28,"1,350.60"
2024-03-29,"1,349.70"
2024-04-01,"1,344"
2024-04-02,"1,354.70"
2024-04-03,"1,351"
2024-04-04,"1,343.50"
2024-04-05,"1,352"
2024-04-08,"1,354"
2024-04-09,"1,353"
2024-04-11,"1,365"
2024-04-12,"1,367.70"
2024-04-15,"1,382"
2024-04-16,"1,389.90"
2024-04-17,"1,390"
2024-04-18,"1,380"
2024-04-19,"1,381"
2024-04-22,"1,376"
2024-04-23,"1,378.90"
2024-04-24,"1,372"
2024-04-25,"1,376.20"
2024-04-26,"1,373.50"
2024-04-29,"1,379"
2024-04-30,"1,375"
2024-05-02,"1,378.20"
2024-05-03,"1,368"
2024-05-07,"1,356.50"
2024-05-08,"1,360.10"
2024-05-09,"1,365"
2024-05-10,"1,366.10"
2024-05-13,"1,370.90"
2024-05-14,"1,367.40"
2024-05-16,"1,353.80"
2024-05-17,"1,351.60"
2024-05-20,"1,354"
2024-05-21,"1,361"
2024-05-22,"1,364.30"
2024-05-23,"1,366.90"
2024-05-24,"1,369"
2024-05-27,"1,366"
2024-05-28,"1,360.80"
2024-05-29,"1,366"
2024-05-30,"1,371.80"
2024-05-31,"1,378"
2024-06-03,"1,382"
2024-06-04,"1,371.70"
2024-06-05,"1,374"
2024-06-07,"1,367.50"
2024-06-10,"1,379.50"
2024-06-11,"1,375.50"
2024-06-12,"1,379.20"
2024-06-13,"1,370"
2024-06-14,"1,376.30"
2024-06-17,"1,383"
2024-06-18,"1,379.20"
2024-06-19,"1,379.50"
2024-06-20,"1,382.50"
2024-06-21,"1,392"
2024-06-24,"1,390"
2024-06-25,"1,387.20"
2024-06-26,"1,391.50"
2024-06-27,"1,394.40"
2024-06-28,"1,386.60"
2024-07-01,"1,382"
2024-07-02,"1,384.50"
2024-07-03,"1,386"
2024-07-04,"1,385.60"
2024-07-05,"1,380.10"
2024-07-08,"1,376.10"
2024-07-09,"1,381.30"
2024-07-10,"1,384"
2024-07-11,"1,381.90"
2024-07-12,"1,372"
2024-07-15,"1,377"
2024-07-16,"1,384"
2024-07-17,"1,383"
2024-07-18,"1,379"
2024-07-19,"1,385.50"
2024-07-22,"1,388"
2024-07-23,"1,389"
2024-07-24,"1,387"
2024-07-25,"1,384.20"
2024-07-26,"1,383.50"
2024-07-29,"1,385.50"
2024-07-30,"1,382"
2024-07-31,"1,384.50"
2024-08-01,"1,368"
2024-08-02,"1,372"
2024-08-05,"1,359"
2024-08-06,"1,370"
2024-08-07,"1,375.90"
2024-08-08,"1,376"
2024-08-09,"1,374.30"
2024-08-12,"1,365.50"
2024-08-13,"1,371.40"
2024-08-14,"1,363"
2024-08-16,"1,365"
2024-08-19,"1,350.90"
2024-08-20,"1,331.80"
2024-08-21,"1,330"
2024-08-22,"1,333.60"
2024-08-23,"1,341.30"
2024-08-26,"1,325"
2024-08-27,"1,328"
2024-08-28,"1,328.50"
2024-08-29,"1,338"
2024-08-30,"1,333"
2024-09-02,"1,337.50"
2024-09-03,"1,338"
2024-09-04,"1,343.20"
2024-09-05,"1,335.50"
2024-09-06,"1,334.20"
2024-09-09,"1,337"
2024-09-10,"1,342.10"
2024-09-11,"1,344"
2024-09-12,"1,340.50"
2024-09-13,"1,336.90"
2024-09-19,"1,329"
2024-09-20,"1,327.60"
2024-09-23,"1,333"
2024-09-24,"1,333.60"
2024-09-25,"1,325"
2024-09-26,"1,336"
2024-09-27,"1,317.70"
2024-09-30,"1,310.90"
2024-10-02,"1,323.80"
2024-10-04,"1,332.50"
2024-10-07,"1,346.30"
2024-10-08,"1,346.80"
2024-10-10,"1,349"
2024-10-11,"1,351"
2024-10-14,"1,352"
2024-10-15,"1,357"
2024-10-16,"1,364.50"
2024-10-17,"1,364.50"
2024-10-18,"1,371.50"
2024-10-21,"1,369.60"
2024-10-22,"1,379.10"
2024-10-23,"1,380.30"
2024-10-24,"1,382"
2024-10-25,"1,379.80"
2024-10-28,"1,390.50"
2024-10-29,"1,383"
2024-10-30,"1,385"
2024-10-31,"1,381"
2024-11-01,"1,375.50"
